employee_id,name,age,email,salary,hire_date,years_exp,performance,sales_amount,seniority_band,salary_band,age_group,exp_salary_ratio,hire_year,hire_month,salary_norm,sales_amount_norm,years_exp_norm,department_Engineering,department_Finance,department_Hr,department_Marketing,department_Sales,city_Chicago,city_Houston,city_Los Angeles,city_New York,city_Phoenix,gender_Female,gender_Male
2,Wendy Moore,36,,48321.8,2019-09-29,10.1,1,3391.93,Senior,Very Low,30s,0.000209,2019,9,0.2843,0.0548,0.3356,0,0,0,0,1,1,0,0,0,0,1,0
3,Laura White,41,laura.white@outlook.com,88688.19,2018-07-07,29.6,2,415.99,Lead,Very High,40s,0.000334,2018,7,0.7787,0.0052,0.9899,0,0,1,0,0,0,0,0,1,0,1,0
4,Mike Brown,45,mike.brown@company.org,56286.83,2020-09-29,8.1,4,4052.23,Senior,Low,40s,0.000144,2020,9,0.3819,0.0658,0.2685,0,0,0,0,1,0,0,1,0,0,0,1
5,Hannah Anderson,32,,68629.43,2024-05-12,15.0,4,11310.74,Lead,High,30s,0.000219,2024,5,0.533,0.1866,0.5,0,0,1,0,0,0,0,1,0,0,1,0
6,Ivan Williams,18,ivan.williams@gmail.com,77246.68,2018-07-12,4.8,4,3004.69,Mid-Level,High,10s,6.2e-05,2018,7,0.6386,0.0483,0.1577,1,0,0,0,0,1,0,0,0,0,0,1
7,Charlie Miller,22,charlie.miller@gmail.com,51379.64,2021-04-17,0.1,4,12178.69,Junior,Very Low,20s,2e-06,2021,4,0.3218,0.2011,0.0,0,0,0,0,1,0,0,0,0,1,0,1
8,Ivan Moore,23,ivan.moore@gmail.com,55557.88,2023-12-13,14.7,1,14440.58,Lead,Low,20s,0.000265,2023,12,0.3729,0.2388,0.4899,1,0,0,0,0,0,0,0,1,0,1,0
9,Zane Brown,43,zane.brown@outlook.com,56834.26,2024-01-03,26.2,4,18706.66,Lead,Low,40s,0.000461,2024,1,0.3886,0.3098,0.8758,0,0,0,0,1,1,0,0,0,0,0,1
10,Rachel Jackson,39,rachel.jackson@outlook.com,55996.19,2018-03-28,0.2,4,2055.55,Junior,Low,30s,4e-06,2018,3,0.3783,0.0325,0.0034,0,0,0,1,0,0,0,1,0,0,1,0
11,Hannah Johnson,47,hannah.johnson@outlook.com,55974.4,2022-07-26,19.8,3,2603.04,Lead,Low,40s,0.000354,2022,7,0.378,0.0417,0.6611,1,0,0,0,0,1,0,0,0,0,1,0
12,Oscar White,56,,56995.27,2020-02-24,4.2,2,48008.46,Mid-Level,Low,50s,7.4e-05,2020,2,0.3905,0.7977,0.1376,0,0,0,0,1,0,0,0,1,0,0,1
13,Hannah White,37,hannah.white@gmail.com,77338.17,2020-05-25,4.9,1,7470.93,Mid-Level,High,30s,6.3e-05,2020,5,0.6397,0.1227,0.1611,0,0,0,0,1,0,1,0,0,0,0,1
14,Ivan Harris,25,ivan.harris@gmail.com,106674.7,2018-08-28,1.7,5,4087.77,Junior,Very High,20s,1.6e-05,2018,8,0.999,0.0664,0.0537,0,0,0,1,0,1,0,0,0,0,1,0
16,Ivan Miller,39,ivan.miller@gmail.com,49863.72,2020-12-22,26.4,2,6331.21,Lead,Very Low,30s,0.000529,2020,12,0.3032,0.1037,0.8826,0,1,0,0,0,0,0,1,0,0,1,0
17,Fiona Wilson,22,fiona.wilson@gmail.com,58090.42,2019-07-05,3.2,5,6596.06,Mid-Level,Low,20s,5.5e-05,2019,7,0.4039,0.1081,0.104,0,1,0,0,0,0,0,0,0,1,1,0
18,Julia Taylor,48,julia.taylor@outlook.com,48041.72,2021-02-07,14.7,2,32409.67,Lead,Very Low,40s,0.000306,2021,2,0.2809,0.538,0.4899,0,0,0,0,1,0,0,0,1,0,1,0
19,Ivan Williams,39,ivan.williams@yahoo.com,54846.17,2019-06-07,27.0,1,110.75,Lead,Low,30s,0.000492,2019,6,0.3642,0.0002,0.9027,0,0,0,0,1,0,0,0,1,0,0,1
20,George Anderson,44,george.anderson@gmail.com,73731.84,2022-08-16,27.7,4,26113.26,Lead,High,40s,0.000376,2022,8,0.5955,0.4331,0.9262,1,0,0,0,0,1,0,0,0,0,1,0
21,Xander Jackson,46,xander.jackson@outlook.com,52411.74,2020-07-21,14.7,2,39770.59,Lead,Very Low,40s,0.00028,2020,7,0.3344,0.6605,0.4899,0,0,0,0,1,1,0,0,0,0,1,0
22,Ivan White,34,ivan.white@gmail.com,42377.7,2024-07-06,14.7,5,1313.36,Lead,Very Low,30s,0.000347,2024,7,0.2115,0.0202,0.4899,0,0,0,0,1,0,0,1,0,0,0,1
23,Xander Jackson,48,xander.jackson@yahoo.com,64907.01,2024-01-15,2.1,4,7449.77,Mid-Level,Medium,40s,3.2e-05,2024,1,0.4874,0.1224,0.0671,0,0,0,0,1,0,0,1,0,0,1,0
24,Tina Davis,49,tina.davis@outlook.com,51526.88,2022-02-04,9.0,5,20297.79,Senior,Very Low,40s,0.000175,2022,2,0.3236,0.3363,0.2987,0,0,0,0,1,0,0,0,0,1,0,1
25,Julia Brown,37,julia.brown@outlook.com,80052.99,2019-11-27,19.9,5,2547.45,Lead,Very High,30s,0.000249,2019,11,0.6729,0.0407,0.6644,0,1,0,0,0,1,0,0,0,0,0,1
26,Yara Jones,47,,76933.93,2024-06-15,11.5,4,16477.75,Senior,High,40s,0.000149,2024,6,0.6347,0.2727,0.3826,0,0,0,1,0,0,0,1,0,0,0,1
28,Tina Davis,34,tina.davis@outlook.com,64087.04,2023-04-29,7.4,4,2283.35,Senior,Medium,30s,0.000115,2023,4,0.4774,0.0363,0.245,0,1,0,0,0,1,0,0,0,0,1,0
29,Yara Moore,38,yara.moore@company.org,60514.89,2019-09-18,12.2,5,7547.93,Senior,Low,30s,0.000202,2019,9,0.4336,0.124,0.406,0,1,0,0,0,0,0,1,0,0,1,0
30,Bob Jones,47,,65285.0,2021-05-08,28.6,4,5734.78,Lead,Medium,40s,0.000438,2021,5,0.4921,0.0938,0.9564,0,0,0,0,1,0,0,1,0,0,1,0
31,Xander Moore,52,xander.moore@gmail.com,57225.95,2019-06-07,17.8,4,13855.28,Lead,Low,50s,0.000311,2019,6,0.3934,0.229,0.594,0,0,0,0,1,0,0,1,0,0,0,1
32,Uma Miller,29,uma.miller@outlook.com,57473.64,2022-09-23,14.1,4,53099.0,Lead,Low,20s,0.000245,2022,9,0.3964,0.8824,0.4698,0,0,0,0,1,0,0,1,0,0,1,0
33,Laura Jones,43,,82372.8,2020-04-09,3.4,2,41030.39,Mid-Level,Very High,40s,4.1e-05,2020,4,0.7013,0.6815,0.1107,1,0,0,0,0,0,1,0,0,0,1,0
34,Ivan Jackson,32,ivan.jackson@yahoo.com,72699.01,2022-03-18,5.9,5,44616.27,Mid-Level,High,30s,8.1e-05,2022,3,0.5829,0.7412,0.1946,0,0,0,0,1,0,0,0,1,0,1,0
35,Uma Jones,51,uma.jones@gmail.com,67633.3,2021-10-29,24.7,1,45284.85,Lead,Medium,50s,0.000365,2021,10,0.5208,0.7523,0.8255,0,0,1,0,0,0,0,1,0,0,0,1
36,Laura Anderson,30,laura.anderson@company.org,60085.07,2024-08-23,7.4,1,5173.73,Senior,Low,30s,0.000123,2024,8,0.4284,0.0845,0.245,0,1,0,0,0,1,0,0,0,0,1,0
37,Oscar Jones,50,,60620.71,2020-11-24,17.9,3,39426.9,Lead,Low,50s,0.000295,2020,11,0.4349,0.6548,0.5973,0,0,0,0,1,0,0,0,1,0,0,1
38,Quinn Jones,38,quinn.jones@outlook.com,61481.19,2020-06-26,9.2,5,10805.47,Senior,Medium,30s,0.00015,2020,6,0.4455,0.1782,0.3054,0,0,0,1,0,1,0,0,0,0,1,0
39,Rachel Moore,34,rachel.moore@company.org,60662.95,2024-04-01,22.2,3,8238.17,Lead,Low,30s,0.000366,2024,4,0.4355,0.1355,0.7416,1,0,0,0,0,0,0,1,0,0,0,1
40,Yara Moore,36,yara.moore@yahoo.com,71060.76,2024-03-16,3.8,4,14629.06,Mid-Level,High,30s,5.3e-05,2024,3,0.5628,0.2419,0.1242,0,0,0,0,1,1,0,0,0,0,0,1
42,Hannah Johnson,18,hannah.johnson@gmail.com,64602.29,2021-06-04,22.2,2,6704.99,Lead,Medium,10s,0.000344,2021,6,0.4837,0.11,0.7416,0,0,0,1,0,0,0,0,0,1,0,1
43,Ivan Anderson,39,,58510.86,2021-03-04,7.0,3,13970.39,Senior,Low,30s,0.00012,2021,3,0.4091,0.2309,0.2315,0,0,0,1,0,1,0,0,0,0,1,0
44,Uma Taylor,36,uma.taylor@yahoo.com,69523.21,2021-06-13,14.1,3,3130.62,Lead,High,30s,0.000203,2021,6,0.544,0.0504,0.4698,0,0,0,0,1,1,0,0,0,0,0,1
45,Ivan Moore,41,ivan.moore@gmail.com,64889.3,2024-06-14,20.2,3,5542.9,Lead,Medium,40s,0.000311,2024,6,0.4872,0.0906,0.6745,0,0,0,0,1,0,1,0,0,0,1,0
46,Yara Jackson,49,yara.jackson@gmail.com,76279.0,2022-07-31,3.1,2,5426.66,Mid-Level,High,40s,4.1e-05,2022,7,0.6267,0.0887,0.1007,0,0,0,0,1,1,0,0,0,0,0,1
47,Wendy Wilson,29,,85760.24,2022-07-14,16.3,4,13855.28,Lead,Very High,20s,0.00019,2022,7,0.7428,0.229,0.5436,0,0,0,0,1,0,0,0,1,0,0,1
48,Quinn Davis,52,quinn.davis@gmail.com,85884.89,2018-04-29,9.3,1,15347.7,Senior,Very High,50s,0.000108,2018,4,0.7444,0.2539,0.3087,0,0,1,0,0,1,0,0,0,0,0,1
49,Charlie Jones,28,charlie.jones@yahoo.com,56505.53,2023-05-31,16.5,4,832.6,Lead,Low,20s,0.000292,2023,5,0.3845,0.0122,0.5503,0,0,0,0,1,0,0,0,0,1,0,1
50,Tina Moore,55,tina.moore@outlook.com,78103.84,2021-05-07,13.4,4,334.54,Senior,Very High,50s,0.000172,2021,5,0.6491,0.0039,0.4463,0,0,0,0,1,0,0,0,0,1,1,0
51,Rachel Jackson,22,rachel.jackson@yahoo.com,66028.44,2022-04-11,23.8,4,20722.49,Lead,Medium,20s,0.00036,2022,4,0.5012,0.3434,0.7953,1,0,0,0,0,0,0,1,0,0,1,0
52,Pam Smith,43,pam.smith@outlook.com,51279.64,2019-09-25,29.1,3,9779.17,Lead,Very Low,40s,0.000567,2019,9,0.3205,0.1611,0.9732,0,0,0,1,0,0,0,0,1,0,0,1
54,Yara Anderson,34,yara.anderson@gmail.com,73341.83,2020-09-27,23.8,2,21575.25,Lead,High,30s,0.000325,2020,9,0.5907,0.3576,0.7953,0,0,0,0,1,0,0,0,0,1,0,1
55,Tina White,40,tina.white@outlook.com,84607.14,2023-03-21,4.7,4,15085.59,Mid-Level,Very High,40s,5.6e-05,2023,3,0.7287,0.2495,0.1544,0,0,0,1,0,0,0,0,0,1,0,1
56,Sam Brown,34,sam.brown@outlook.com,61912.0,2021-04-26,14.7,4,45502.46,Lead,Medium,30s,0.000237,2021,4,0.4507,0.756,0.4899,0,0,0,0,1,0,1,0,0,0,1,0
57,Alice Taylor,40,alice.taylor@company.org,76727.34,2020-10-23,27.1,4,13855.28,Lead,High,40s,0.000353,2020,10,0.6322,0.229,0.906,1,0,0,0,0,0,0,0,1,0,0,1
58,Zane Wilson,25,zane.wilson@outlook.com,45193.15,2019-11-05,28.3,3,25889.31,Lead,Very Low,20s,0.000626,2019,11,0.246,0.4294,0.9463,1,0,0,0,0,0,0,0,1,0,0,1
59,Kevin Jackson,44,kevin.jackson@outlook.com,83256.06,2020-12-19,20.2,4,1757.83,Lead,Very High,40s,0.000243,2020,12,0.7122,0.0276,0.6745,0,0,0,0,1,0,0,0,1,0,1,0
60,Mike White,40,,54284.73,2018-09-16,9.1,4,101.49,Senior,Very Low,40s,0.000168,2018,9,0.3573,0.0,0.302,0,1,0,0,0,0,0,0,1,0,1,0
61,Bob Smith,39,bob.smith@outlook.com,46747.18,2022-08-27,18.5,3,13855.28,Lead,Very Low,30s,0.000396,2022,8,0.265,0.229,0.6174,0,0,0,0,1,0,0,1,0,0,0,1
62,Laura Jones,48,laura.jones@company.org,84876.58,2019-05-16,6.4,4,5079.0,Senior,Very High,40s,7.5e-05,2019,5,0.732,0.0829,0.2114,0,0,0,0,1,0,0,0,1,0,0,1
63,Alice Smith,28,alice.smith@gmail.com,76806.27,2024-09-07,29.5,2,7872.7,Lead,High,20s,0.000384,2024,9,0.6332,0.1294,0.9866,1,0,0,0,0,0,1,0,0,0,0,1
64,Zane Williams,45,zane.williams@yahoo.com,84025.84,2022-09-21,14.3,3,37839.12,Lead,Very High,40s,0.00017,2022,9,0.7216,0.6284,0.4765,0,0,0,0,1,1,0,0,0,0,0,1
65,Diana Wilson,46,diana.wilson@gmail.com,93451.89,2022-07-04,14.7,4,1967.14,Lead,Very High,40s,0.000157,2022,7,0.837,0.0311,0.4899,0,0,0,0,1,0,0,0,1,0,1,0
66,Charlie Davis,39,charlie.davis@gmail.com,44451.93,2023-02-02,21.1,4,5594.0,Lead,Very Low,30s,0.000475,2023,2,0.2369,0.0915,0.7047,0,0,1,0,0,0,0,1,0,0,0,1
67,Yara Moore,30,yara.moore@outlook.com,63843.47,2020-11-10,20.6,4,44521.1,Lead,Medium,30s,0.000323,2020,11,0.4744,0.7396,0.6879,0,0,0,0,1,0,0,1,0,0,1,0
68,Charlie Johnson,41,charlie.johnson@gmail.com,83140.73,2022-09-29,18.0,3,13968.71,Lead,Very High,40s,0.000217,2022,9,0.7108,0.2309,0.6007,0,1,0,0,0,0,0,0,1,0,1,0
69,Quinn Jones,43,quinn.jones@company.org,61030.15,2024-12-21,19.7,4,4344.3,Lead,Low,40s,0.000323,2024,12,0.4399,0.0706,0.6577,0,0,1,0,0,0,1,0,0,0,0,1
71,Fiona Davis,47,fiona.davis@gmail.com,48936.61,2022-10-03,12.4,2,56421.66,Senior,Very Low,40s,0.000253,2022,10,0.2918,0.9378,0.4128,0,0,0,0,1,0,0,0,1,0,0,1
73,Alice Wilson,35,alice.wilson@gmail.com,75710.01,2018-06-23,14.7,1,311.55,Lead,High,30s,0.000194,2018,6,0.6197,0.0035,0.4899,0,0,0,0,1,0,0,0,1,0,1,0
75,Charlie Miller,29,charlie.miller@gmail.com,42277.29,2019-08-28,7.7,2,38094.53,Senior,Very Low,20s,0.000182,2019,8,0.2103,0.6326,0.255,0,1,0,0,0,0,1,0,0,0,1,0
76,Yara Jackson,28,yara.jackson@gmail.com,57305.52,2019-09-11,13.3,3,16274.74,Senior,Low,20s,0.000232,2019,9,0.3943,0.2693,0.443,0,0,0,1,0,0,0,0,1,0,1,0
77,Sam Smith,39,,70779.76,2019-01-05,16.6,4,16882.25,Lead,High,30s,0.000235,2019,1,0.5594,0.2794,0.5537,0,0,0,0,1,0,0,0,0,1,0,1
79,Tina Williams,38,,47855.45,2022-05-03,25.5,5,41972.17,Lead,Very Low,30s,0.000533,2022,5,0.2786,0.6972,0.8523,0,0,0,0,1,0,0,0,1,0,1,0
80,Kevin Johnson,46,kevin.johnson@outlook.com,80992.98,2021-07-09,24.9,4,24245.75,Lead,Very High,40s,0.000307,2021,7,0.6845,0.402,0.8322,0,0,0,0,1,0,0,1,0,0,1,0
81,Quinn Johnson,24,quinn.johnson@yahoo.com,50932.62,2019-09-27,23.6,5,33147.49,Lead,Very Low,20s,0.000463,2019,9,0.3163,0.5502,0.7886,0,0,0,0,1,1,0,0,0,0,0,1
84,Bob Anderson,51,bob.anderson@gmail.com,79823.04,2019-08-27,27.3,4,31772.39,Lead,Very High,50s,0.000342,2019,8,0.6701,0.5273,0.9128,0,0,0,0,1,1,0,0,0,0,1,0
85,Alice Miller,34,alice.miller@gmail.com,76384.54,2021-03-21,4.2,4,9418.74,Mid-Level,High,30s,5.5e-05,2021,3,0.628,0.1551,0.1376,0,0,0,0,1,0,0,0,1,0,0,1
86,Tina Smith,39,tina.smith@gmail.com,67475.34,2021-05-18,14.7,4,732.08,Lead,Medium,30s,0.000218,2021,5,0.5189,0.0105,0.4899,0,1,0,0,0,0,0,1,0,0,1,0
87,Tina Wilson,29,,99719.88,2018-01-07,12.5,4,6752.61,Senior,Very High,20s,0.000125,2018,1,0.9138,0.1107,0.4161,0,1,0,0,0,0,1,0,0,0,0,1
88,Quinn Davis,19,quinn.davis@outlook.com,58782.02,2018-03-08,10.3,4,761.27,Senior,Low,10s,0.000175,2018,3,0.4124,0.011,0.3423,0,0,0,0,1,0,0,1,0,0,0,1
89,Diana Jackson,38,diana.jackson@yahoo.com,57921.02,2020-01-17,23.3,4,13855.28,Lead,Low,30s,0.000402,2020,1,0.4019,0.229,0.7785,0,0,0,0,1,1,0,0,0,0,0,1
90,George Smith,48,george.smith@gmail.com,65964.2,2018-07-15,24.0,4,29392.96,Lead,Medium,40s,0.000364,2018,7,0.5004,0.4877,0.802,0,0,0,0,1,0,1,0,0,0,0,1
91,Xander Wilson,27,xander.wilson@company.org,73243.65,2018-11-20,24.7,5,1784.22,Lead,High,20s,0.000337,2018,11,0.5895,0.028,0.8255,0,1,0,0,0,0,0,0,0,1,1,0
92,Diana Johnson,25,diana.johnson@outlook.com,65683.58,2018-08-23,12.2,5,15558.21,Senior,Medium,20s,0.000186,2018,8,0.4969,0.2574,0.406,0,0,0,0,1,0,0,0,1,0,1,0
94,Charlie Taylor,46,,34622.86,2019-04-28,21.1,2,31713.08,Lead,Very Low,40s,0.000609,2019,4,0.1165,0.5264,0.7047,1,0,0,0,0,1,0,0,0,0,0,1
95,Julia Thomas,39,,58332.52,2021-08-02,16.5,3,1634.1,Lead,Low,30s,0.000283,2021,8,0.4069,0.0255,0.5503,1,0,0,0,0,1,0,0,0,0,1,0
96,Fiona Thomas,21,fiona.thomas@gmail.com,72574.81,2022-01-18,29.5,2,10517.19,Lead,High,20s,0.000406,2022,1,0.5813,0.1734,0.9866,0,0,0,0,1,1,0,0,0,0,0,1
97,Charlie Johnson,46,charlie.johnson@outlook.com,59986.29,2023-01-18,10.3,5,5760.12,Senior,Low,40s,0.000172,2023,1,0.4272,0.0942,0.3423,0,0,0,0,1,1,0,0,0,0,0,1
98,Fiona Jackson,34,fiona.jackson@gmail.com,91481.81,2021-11-18,7.5,4,21587.81,Senior,Very High,30s,8.2e-05,2021,11,0.8129,0.3578,0.2483,1,0,0,0,0,1,0,0,0,0,0,1
99,Ivan Williams,42,ivan.williams@gmail.com,70659.44,2018-04-27,14.7,4,18920.61,Lead,High,40s,0.000208,2018,4,0.5579,0.3134,0.4899,0,0,0,0,1,0,0,0,1,0,1,0
100,Ivan Anderson,54,ivan.anderson@gmail.com,42209.45,2022-07-22,20.7,2,8800.28,Lead,Very Low,50s,0.00049,2022,7,0.2094,0.1448,0.6913,0,0,1,0,0,1,0,0,0,0,0,1
101,Pam Wilson,33,pam.wilson@company.org,61439.12,2020-09-17,13.5,2,2059.14,Senior,Medium,30s,0.00022,2020,9,0.445,0.0326,0.4497,1,0,0,0,0,0,0,0,1,0,1,0
103,Hannah Jones,39,hannah.jones@outlook.com,49634.19,2022-02-07,12.0,5,11377.98,Senior,Very Low,30s,0.000242,2022,2,0.3004,0.1878,0.3993,0,0,0,0,1,0,0,1,0,0,0,1
104,Laura Moore,54,laura.moore@gmail.com,43547.88,2021-10-20,6.0,5,20162.29,Mid-Level,Very Low,50s,0.000138,2021,10,0.2258,0.334,0.198,0,0,0,0,1,1,0,0,0,0,0,1
105,Bob Smith,36,bob.smith@gmail.com,58015.03,2022-05-29,15.2,5,19662.5,Lead,Low,30s,0.000262,2022,5,0.403,0.3257,0.5067,1,0,0,0,0,0,0,0,1,0,0,1
106,Wendy Taylor,49,wendy.taylor@outlook.com,65153.5,2024-06-27,17.5,2,21499.5,Lead,Medium,40s,0.000269,2024,6,0.4905,0.3563,0.5839,0,0,0,0,1,0,0,0,1,0,1,0
107,Xander Taylor,35,,65913.45,2022-12-09,6.1,5,17626.95,Senior,Medium,30s,9.3e-05,2022,12,0.4998,0.2918,0.2013,0,0,0,0,1,0,0,1,0,0,1,0
108,Pam White,39,pam.white@company.org,74931.96,2023-12-24,20.3,4,9826.01,Lead,High,30s,0.000271,2023,12,0.6102,0.1619,0.6779,0,0,0,1,0,0,0,1,0,0,0,1
109,Zane Thomas,31,zane.thomas@yahoo.com,96669.76,2023-06-26,16.8,4,15776.29,Lead,Very High,30s,0.000174,2023,6,0.8765,0.261,0.5604,0,0,1,0,0,0,0,0,0,1,0,1
111,Wendy Brown,33,,68113.97,2022-08-20,3.0,2,13855.28,Mid-Level,High,30s,4.4e-05,2022,8,0.5267,0.229,0.0973,0,1,0,0,0,0,1,0,0,0,1,0
112,Rachel Harris,46,rachel.harris@yahoo.com,58032.05,2019-02-01,21.7,1,470.94,Lead,Low,40s,0.000374,2019,2,0.4032,0.0062,0.7248,0,0,1,0,0,0,0,0,1,0,1,0
114,Rachel Moore,47,rachel.moore@gmail.com,86788.25,2018-02-27,17.0,2,41988.32,Lead,Very High,40s,0.000196,2018,2,0.7554,0.6974,0.5671,0,0,0,0,1,1,0,0,0,0,1,0
116,Sam Smith,43,sam.smith@company.org,54348.08,2021-04-23,6.6,2,32884.18,Senior,Very Low,40s,0.000121,2021,4,0.3581,0.5459,0.2181,0,0,0,0,1,0,0,0,0,1,1,0
117,Oscar Thomas,37,oscar.thomas@yahoo.com,66759.91,2022-01-21,3.4,5,9304.88,Mid-Level,Medium,30s,5.1e-05,2022,1,0.5101,0.1532,0.1107,0,0,0,0,1,0,0,1,0,0,1,0
118,George Taylor,31,george.taylor@yahoo.com,82429.06,2018-08-16,12.5,5,13855.28,Senior,Very High,30s,0.000152,2018,8,0.702,0.229,0.4161,0,0,0,1,0,0,0,1,0,0,1,0
119,Oscar Anderson,53,,58407.23,2018-09-19,2.1,4,13855.28,Mid-Level,Low,50s,3.6e-05,2018,9,0.4078,0.229,0.0671,1,0,0,0,0,0,0,1,0,0,1,0
120,Nancy Williams,33,nancy.williams@company.org,68924.35,2022-03-19,19.9,5,46568.91,Lead,High,30s,0.000289,2022,3,0.5366,0.7737,0.6644,0,0,0,1,0,1,0,0,0,0,1,0
121,Laura Johnson,51,laura.johnson@gmail.com,65315.06,2023-12-19,7.4,3,7714.71,Senior,Medium,50s,0.000113,2023,12,0.4924,0.1268,0.245,0,0,1,0,0,1,0,0,0,0,1,0
123,Yara White,41,yara.white@gmail.com,63047.85,2023-06-11,8.3,5,60158.99,Senior,Medium,40s,0.000132,2023,6,0.4647,1.0,0.2752,0,1,0,0,0,0,0,0,1,0,1,0
124,Xander Harris,57,xander.harris@outlook.com,80978.41,2020-01-24,6.8,4,11900.29,Senior,Very High,50s,8.4e-05,2020,1,0.6843,0.1965,0.2248,0,0,1,0,0,0,0,1,0,0,0,1
125,Oscar Harris,27,oscar.harris@yahoo.com,46787.17,2019-01-14,11.3,5,22326.47,Senior,Very Low,20s,0.000242,2019,1,0.2655,0.3701,0.3758,0,0,1,0,0,0,0,1,0,0,0,1
126,Charlie Jones,45,charlie.jones@company.org,75005.84,2019-04-26,20.9,4,31176.62,Lead,High,40s,0.000279,2019,4,0.6111,0.5174,0.698,0,0,0,0,1,0,1,0,0,0,1,0
127,Hannah Moore,37,hannah.moore@company.org,51541.18,2023-04-08,11.1,4,13855.28,Senior,Very Low,30s,0.000215,2023,4,0.3237,0.229,0.3691,0,0,0,1,0,1,0,0,0,0,1,0
128,Hannah Thomas,38,hannah.thomas@company.org,54842.57,2023-08-08,24.6,4,11651.11,Lead,Low,30s,0.000449,2023,8,0.3642,0.1923,0.8221,0,0,1,0,0,0,1,0,0,0,0,1
129,Pam Wilson,34,pam.wilson@yahoo.com,77057.2,2018-11-01,12.4,4,2490.12,Senior,High,30s,0.000161,2018,11,0.6362,0.0398,0.4128,0,1,0,0,0,0,0,0,1,0,1,0
132,Oscar Taylor,40,oscar.taylor@gmail.com,57934.43,2018-08-02,25.4,4,1773.08,Lead,Low,40s,0.000438,2018,8,0.402,0.0278,0.849,0,0,0,1,0,0,0,1,0,0,1,0
133,Sam White,40,sam.white@gmail.com,82315.32,2024-02-03,25.5,1,58843.29,Lead,Very High,40s,0.00031,2024,2,0.7006,0.9781,0.8523,0,0,0,0,1,0,0,1,0,0,1,0
134,Sam Williams,33,sam.williams@gmail.com,54223.34,2022-04-22,20.7,1,30024.85,Lead,Very Low,30s,0.000382,2022,4,0.3566,0.4982,0.6913,0,0,0,0,1,0,0,1,0,0,0,1
135,Laura Smith,35,laura.smith@gmail.com,64907.01,2021-01-24,10.7,4,16347.21,Senior,Medium,30s,0.000165,2021,1,0.4874,0.2705,0.3557,0,0,0,0,1,0,0,0,1,0,0,1
136,Victor Taylor,46,victor.taylor@gmail.com,62600.92,2022-05-15,2.7,3,2357.6,Mid-Level,Medium,40s,4.3e-05,2022,5,0.4592,0.0376,0.0872,1,0,0,0,0,0,0,1,0,0,1,0
137,Yara Brown,34,yara.brown@outlook.com,64931.56,2021-08-21,14.7,4,12647.09,Lead,Medium,30s,0.000226,2021,8,0.4877,0.2089,0.4899,0,0,0,0,1,0,0,0,1,0,0,1
138,Charlie Thomas,41,charlie.thomas@outlook.com,52591.54,2019-11-16,9.0,1,27411.95,Senior,Very Low,40s,0.000171,2019,11,0.3366,0.4547,0.2987,0,0,1,0,0,0,0,0,0,1,0,1
139,Hannah Thomas,42,hannah.thomas@gmail.com,66333.1,2021-10-03,25.8,5,9395.93,Lead,Medium,40s,0.000389,2021,10,0.5049,0.1548,0.8624,0,0,1,0,0,0,0,1,0,0,0,1
140,Kevin Taylor,44,kevin.taylor@company.org,58981.69,2021-08-27,23.6,3,5061.64,Lead,Low,40s,0.0004,2021,8,0.4149,0.0826,0.7886,0,0,0,0,1,1,0,0,0,0,1,0
143,Charlie Johnson,60,charlie.johnson@gmail.com,71093.4,2022-10-30,14.7,3,23798.02,Lead,High,60s,0.000207,2022,10,0.5632,0.3946,0.4899,0,0,0,0,1,0,0,1,0,0,1,0
144,Xander Moore,59,xander.moore@gmail.com,53489.79,2021-04-25,2.6,4,17556.52,Mid-Level,Very Low,50s,4.9e-05,2021,4,0.3476,0.2906,0.0839,1,0,0,0,0,0,0,0,1,0,0,1
145,Julia Davis,36,julia.davis@outlook.com,79644.64,2021-11-06,4.9,4,19358.66,Mid-Level,Very High,30s,6.2e-05,2021,11,0.6679,0.3206,0.1611,0,0,1,0,0,0,0,0,1,0,1,0
146,Fiona Moore,29,fiona.moore@yahoo.com,56009.11,2020-03-19,11.7,4,12461.17,Senior,Low,20s,0.000209,2020,3,0.3785,0.2058,0.3893,0,0,0,0,1,0,0,1,0,0,1,0
147,Ivan Jackson,48,ivan.jackson@yahoo.com,37848.03,2023-06-28,18.3,5,1618.45,Lead,Very Low,40s,0.000484,2023,6,0.156,0.0253,0.6107,1,0,0,0,0,1,0,0,0,0,1,0
148,Laura White,41,laura.white@gmail.com,93142.56,2019-04-25,4.2,4,7407.59,Mid-Level,Very High,40s,4.5e-05,2019,4,0.8333,0.1217,0.1376,0,0,0,0,1,1,0,0,0,0,1,0
149,Evan Taylor,43,evan.taylor@yahoo.com,79557.86,2023-01-22,28.6,4,3549.47,Lead,Very High,40s,0.000359,2023,1,0.6669,0.0574,0.9564,0,0,0,1,0,0,0,0,0,1,1,0
150,Mike Moore,24,mike.moore@outlook.com,92471.88,2018-05-14,8.7,4,53980.37,Senior,Very High,20s,9.4e-05,2018,5,0.825,0.8971,0.2886,0,0,0,0,1,0,0,0,1,0,1,0
151,Yara Jackson,37,yara.jackson@company.org,60766.68,2020-06-14,24.9,2,33272.95,Lead,Low,30s,0.00041,2020,6,0.4367,0.5523,0.8322,0,0,0,0,1,0,0,0,1,0,0,1
153,Sam Davis,40,sam.davis@gmail.com,69180.85,2022-08-13,26.0,2,12648.31,Lead,High,40s,0.000376,2022,8,0.5398,0.2089,0.8691,0,0,0,0,1,0,0,1,0,0,1,0
154,Evan Jones,22,evan.jones@outlook.com,56009.37,2018-11-06,22.5,4,1160.54,Lead,Low,20s,0.000402,2018,11,0.3785,0.0176,0.7517,0,0,0,0,1,0,0,0,0,1,1,0
156,Evan Taylor,38,,64907.01,2019-10-10,29.8,4,29305.66,Lead,Medium,30s,0.000459,2019,10,0.4874,0.4863,0.9966,0,0,0,0,1,1,0,0,0,0,1,0
157,Wendy Harris,38,wendy.harris@company.org,60304.64,2020-08-17,21.1,1,2765.93,Lead,Low,30s,0.00035,2020,8,0.4311,0.0444,0.7047,0,0,1,0,0,1,0,0,0,0,0,1
158,Charlie Williams,22,charlie.williams@gmail.com,66804.43,2019-01-01,11.0,3,5192.07,Senior,Medium,20s,0.000165,2019,1,0.5107,0.0848,0.3658,0,0,0,1,0,1,0,0,0,0,0,1
159,Yara White,43,,80906.7,2021-09-12,4.5,4,8868.41,Mid-Level,Very High,40s,5.6e-05,2021,9,0.6834,0.146,0.1477,0,1,0,0,0,0,0,0,1,0,1,0
160,Oscar White,53,oscar.white@outlook.com,69984.71,2018-12-12,18.0,5,14692.21,Lead,High,50s,0.000257,2018,12,0.5496,0.2429,0.6007,0,0,0,1,0,0,0,0,1,0,0,1
161,Wendy Smith,30,wendy.smith@yahoo.com,66722.92,2020-09-07,7.2,4,38235.4,Senior,Medium,30s,0.000108,2020,9,0.5097,0.635,0.2383,0,0,1,0,0,0,0,0,1,0,0,1
162,Quinn Harris,53,quinn.harris@gmail.com,95911.22,2018-10-26,0.4,2,13855.28,Junior,Very High,50s,4e-06,2018,10,0.8672,0.229,0.0101,0,1,0,0,0,1,0,0,0,0,1,0
163,Bob Jackson,55,bob.jackson@outlook.com,61265.54,2023-09-26,4.7,3,2877.76,Mid-Level,Low,50s,7.7e-05,2023,9,0.4428,0.0462,0.1544,0,1,0,0,0,1,0,0,0,0,1,0
164,Uma Jackson,47,,87335.68,2018-08-14,19.7,2,4789.63,Lead,Very High,40s,0.000226,2018,8,0.7621,0.0781,0.6577,0,0,0,0,1,0,0,1,0,0,1,0
165,Wendy Williams,46,wendy.williams@company.org,80876.37,2018-05-01,8.2,1,9959.64,Senior,Very High,40s,0.000101,2018,5,0.683,0.1641,0.2718,1,0,0,0,0,0,0,0,0,1,0,1
166,Sam Anderson,20,sam.anderson@yahoo.com,78290.95,2019-04-18,0.1,1,8562.05,Junior,Very High,20s,1e-06,2019,4,0.6514,0.1409,0.0,0,0,1,0,0,0,0,1,0,0,1,0
167,Pam Davis,36,,87535.36,2021-08-03,17.1,1,10101.6,Lead,Very High,30s,0.000195,2021,8,0.7646,0.1665,0.5705,0,0,0,0,1,0,0,1,0,0,1,0
168,Bob Williams,38,,79723.21,2018-12-20,14.7,2,59723.81,Lead,Very High,30s,0.000184,2018,12,0.6689,0.9928,0.4899,0,0,0,1,0,0,0,0,0,1,1,0
169,Zane Brown,41,zane.brown@yahoo.com,39449.26,2018-08-04,19.1,4,12291.74,Lead,Very Low,40s,0.000484,2018,8,0.1756,0.203,0.6376,0,1,0,0,0,0,1,0,0,0,1,0
170,Kevin Smith,37,kevin.smith@gmail.com,64907.01,2019-08-07,27.6,5,7972.32,Lead,Medium,30s,0.000425,2019,8,0.4874,0.1311,0.9228,0,0,0,1,0,1,0,0,0,0,0,1
171,Laura Wilson,42,laura.wilson@outlook.com,45432.96,2020-08-27,9.5,4,1577.91,Senior,Very Low,40s,0.000209,2020,8,0.2489,0.0246,0.3154,0,1,0,0,0,0,0,0,1,0,1,0
172,Xander Davis,44,xander.davis@gmail.com,48481.22,2019-05-10,6.2,3,8482.79,Senior,Very Low,40s,0.000128,2019,5,0.2863,0.1396,0.2047,0,0,0,0,1,1,0,0,0,0,1,0
173,Diana Johnson,42,diana.johnson@yahoo.com,64059.81,2021-12-28,20.3,3,22025.78,Lead,Medium,40s,0.000317,2021,12,0.4771,0.3651,0.6779,0,0,1,0,0,1,0,0,0,0,1,0
174,Fiona Smith,47,fiona.smith@outlook.com,58299.75,2020-06-29,12.0,4,834.54,Senior,Low,40s,0.000206,2020,6,0.4065,0.0122,0.3993,0,0,0,0,1,1,0,0,0,0,0,1
175,Uma Johnson,33,uma.johnson@yahoo.com,57046.14,2021-09-20,14.7,4,13855.28,Lead,Low,30s,0.000258,2021,9,0.3912,0.229,0.4899,0,0,0,1,0,1,0,0,0,0,0,1
177,Charlie Brown,23,charlie.brown@gmail.com,62127.01,2021-11-10,5.4,3,9059.62,Mid-Level,Medium,20s,8.7e-05,2021,11,0.4534,0.1492,0.1779,0,0,0,1,0,0,0,0,1,0,1,0
178,Alice Harris,57,alice.harris@gmail.com,65528.95,2023-12-26,28.4,5,802.11,Lead,Medium,50s,0.000433,2023,12,0.495,0.0117,0.9497,1,0,0,0,0,0,0,1,0,0,1,0
180,Fiona Wilson,39,fiona.wilson@gmail.com,63315.08,2019-12-28,4.4,4,32818.7,Mid-Level,Medium,30s,6.9e-05,2019,12,0.4679,0.5448,0.1443,0,0,1,0,0,0,1,0,0,0,0,1
181,Yara Johnson,35,yara.johnson@outlook.com,53953.82,2022-11-25,5.2,5,4697.98,Mid-Level,Very Low,30s,9.6e-05,2022,11,0.3533,0.0765,0.1711,0,0,1,0,0,0,0,0,0,1,0,1
182,Tina Jackson,43,tina.jackson@company.org,60874.22,2022-05-23,9.5,5,19260.04,Senior,Low,40s,0.000156,2022,5,0.438,0.319,0.3154,0,0,0,0,1,0,0,0,1,0,1,0
183,Sam Johnson,14,sam.johnson@company.org,55602.14,2020-10-19,23.6,4,13855.28,Lead,Low,10s,0.000424,2020,10,0.3735,0.229,0.7886,0,0,0,0,1,0,0,0,1,0,1,0
184,Mike Wilson,16,mike.wilson@company.org,77771.03,2020-12-07,24.0,1,45115.34,Lead,High,10s,0.000309,2020,12,0.645,0.7495,0.802,0,0,0,0,1,1,0,0,0,0,1,0
188,Laura Williams,23,laura.williams@gmail.com,49081.06,2024-01-27,17.7,5,7934.98,Lead,Very Low,20s,0.000361,2024,1,0.2936,0.1304,0.5906,0,0,0,0,1,0,0,1,0,0,1,0
189,Mike White,31,mike.white@yahoo.com,90307.12,2023-08-19,22.7,2,31134.18,Lead,Very High,30s,0.000251,2023,8,0.7985,0.5167,0.7584,0,0,0,0,1,0,0,1,0,0,1,0
190,Fiona Jones,46,fiona.jones@yahoo.com,51890.39,2018-10-02,11.9,3,15405.17,Senior,Very Low,40s,0.000229,2018,10,0.328,0.2548,0.396,0,0,1,0,0,0,0,0,1,0,1,0
191,Quinn Wilson,39,quinn.wilson@gmail.com,64950.56,2024-07-14,16.9,1,17678.46,Lead,Medium,30s,0.00026,2024,7,0.488,0.2927,0.5638,0,0,0,0,1,0,0,1,0,0,1,0
192,Rachel Harris,33,,88730.57,2022-07-04,26.4,4,2729.69,Lead,Very High,30s,0.000298,2022,7,0.7792,0.0438,0.8826,0,0,1,0,0,0,0,1,0,0,1,0
194,Uma Johnson,18,uma.johnson@gmail.com,79119.27,2021-06-28,25.5,5,13855.28,Lead,Very High,10s,0.000322,2021,6,0.6615,0.229,0.8523,0,0,0,0,1,0,0,0,1,0,1,0
195,George Harris,38,,66910.48,2023-08-31,3.7,1,5415.89,Mid-Level,Medium,30s,5.5e-05,2023,8,0.512,0.0885,0.1208,0,0,1,0,0,0,1,0,0,0,1,0
196,Pam Taylor,31,pam.taylor@yahoo.com,57693.12,2019-10-30,19.4,4,4129.83,Lead,Low,30s,0.000336,2019,10,0.3991,0.0671,0.6477,0,0,1,0,0,0,0,1,0,0,0,1
198,Mike White,38,mike.white@gmail.com,52535.75,2022-03-13,3.2,1,10566.11,Mid-Level,Very Low,30s,6.1e-05,2022,3,0.3359,0.1742,0.104,0,0,0,0,1,0,0,0,1,0,1,0
199,Ivan Anderson,41,ivan.anderson@yahoo.com,63726.37,2024-09-23,20.4,4,13855.28,Lead,Medium,40s,0.00032,2024,9,0.473,0.229,0.6812,1,0,0,0,0,0,0,0,1,0,1,0
200,Pam Brown,40,pam.brown@gmail.com,69103.66,2023-05-03,25.4,4,5965.5,Lead,High,40s,0.000368,2023,5,0.5388,0.0976,0.849,0,0,1,0,0,0,1,0,0,0,0,1
201,Fiona Brown,43,fiona.brown@yahoo.com,50336.67,2021-06-11,9.9,3,53007.7,Senior,Very Low,40s,0.000197,2021,6,0.309,0.8809,0.3289,0,0,1,0,0,0,0,1,0,0,1,0
202,Oscar White,39,oscar.white@gmail.com,95649.81,2021-05-07,25.6,2,6569.5,Lead,Very High,30s,0.000268,2021,5,0.864,0.1077,0.8557,1,0,0,0,0,0,0,1,0,0,1,0
203,Kevin Miller,54,kevin.miller@yahoo.com,55060.64,2018-08-26,6.3,2,7821.76,Senior,Low,50s,0.000114,2018,8,0.3668,0.1285,0.2081,0,0,0,1,0,0,0,0,1,0,1,0
204,Fiona Wilson,43,fiona.wilson@outlook.com,64907.01,2023-12-27,28.5,3,11082.89,Lead,Medium,40s,0.000439,2023,12,0.4874,0.1828,0.953,0,0,0,1,0,0,0,1,0,0,1,0
206,Quinn Davis,38,quinn.davis@yahoo.com,64907.01,2020-07-07,0.7,5,18863.99,Junior,Medium,30s,1.1e-05,2020,7,0.4874,0.3124,0.0201,0,0,0,0,1,0,0,1,0,0,1,0
207,Laura Thomas,39,laura.thomas@gmail.com,74578.89,2018-03-22,12.5,4,3353.3,Senior,High,30s,0.000168,2018,3,0.6059,0.0541,0.4161,0,1,0,0,0,0,0,0,1,0,1,0
208,Ivan Wilson,21,ivan.wilson@gmail.com,106756.66,2023-09-27,23.5,4,1064.29,Lead,Very High,20s,0.00022,2023,9,1.0,0.016,0.7852,0,0,1,0,0,1,0,0,0,0,0,1
209,George Jackson,21,,52093.8,2020-08-18,14.7,1,1309.45,Lead,Very Low,20s,0.000282,2020,8,0.3305,0.0201,0.4899,0,0,0,1,0,0,1,0,0,0,1,0
210,Sam Anderson,34,sam.anderson@gmail.com,55970.47,2020-12-17,24.4,1,22882.83,Lead,Low,30s,0.000436,2020,12,0.378,0.3793,0.8154,0,0,0,0,1,0,1,0,0,0,0,1
211,Laura Jackson,45,,72947.06,2024-12-21,2.8,3,12757.13,Mid-Level,High,40s,3.8e-05,2024,12,0.5859,0.2107,0.0906,1,0,0,0,0,1,0,0,0,0,1,0
212,Mike Miller,52,mike.miller@outlook.com,38446.35,2018-08-29,27.3,4,53051.12,Lead,Very Low,50s,0.00071,2018,8,0.1633,0.8816,0.9128,0,0,0,0,1,1,0,0,0,0,1,0
213,Victor Wilson,27,victor.wilson@yahoo.com,70567.19,2018-09-17,0.4,4,55722.55,Junior,High,20s,6e-06,2018,9,0.5568,0.9261,0.0101,0,0,0,1,0,0,0,1,0,0,0,1
214,Xander Taylor,31,xander.taylor@gmail.com,72320.66,2023-05-28,19.2,2,36881.54,Lead,High,30s,0.000265,2023,5,0.5782,0.6124,0.6409,0,1,0,0,0,0,0,1,0,0,1,0
215,Rachel Harris,39,rachel.harris@gmail.com,88702.01,2023-07-07,29.1,1,3011.16,Lead,Very High,30s,0.000328,2023,7,0.7789,0.0484,0.9732,0,0,0,0,1,1,0,0,0,0,1,0
216,Rachel Anderson,32,rachel.anderson@outlook.com,73824.93,2018-03-14,1.1,5,13855.28,Junior,High,30s,1.5e-05,2018,3,0.5967,0.229,0.0336,0,0,0,1,0,1,0,0,0,0,1,0
217,Charlie Jackson,34,charlie.jackson@outlook.com,60214.14,2021-09-21,10.9,4,33702.07,Senior,Low,30s,0.000181,2021,9,0.43,0.5595,0.3624,0,0,1,0,0,0,0,0,1,0,0,1
218,Yara Anderson,40,yara.anderson@gmail.com,96131.01,2022-08-04,5.9,1,8889.23,Mid-Level,Very High,40s,6.1e-05,2022,8,0.8699,0.1463,0.1946,0,0,0,0,1,0,0,0,1,0,1,0
219,Mike Jones,35,mike.jones@gmail.com,79214.25,2024-10-08,0.1,4,13855.28,Junior,Very High,30s,1e-06,2024,10,0.6627,0.229,0.0,0,0,0,0,1,0,0,1,0,0,0,1
220,Nancy White,35,nancy.white@yahoo.com,84515.79,2021-08-11,18.3,4,9462.39,Lead,Very High,30s,0.000217,2021,8,0.7276,0.1559,0.6107,1,0,0,0,0,0,0,1,0,0,1,0
221,Ivan Miller,19,ivan.miller@gmail.com,59727.3,2021-09-07,18.7,3,27535.55,Lead,Low,10s,0.000313,2021,9,0.424,0.4568,0.6242,0,0,0,0,1,0,0,0,0,1,1,0
222,Victor Williams,22,victor.williams@company.org,65240.8,2022-09-06,12.7,1,45966.8,Senior,Medium,20s,0.000195,2022,9,0.4915,0.7637,0.4228,0,0,0,0,1,0,0,0,1,0,0,1
223,Alice Miller,46,alice.miller@company.org,31832.97,2024-01-26,13.6,5,47389.91,Senior,Very Low,40s,0.000427,2024,1,0.0823,0.7874,0.453,1,0,0,0,0,0,0,0,1,0,1,0
224,Xander Moore,29,xander.moore@company.org,69304.12,2021-07-04,14.7,3,56212.33,Lead,High,20s,0.000212,2021,7,0.5413,0.9343,0.4899,0,0,0,0,1,0,0,1,0,0,1,0
225,Yara White,23,yara.white@company.org,82156.31,2021-04-19,20.5,2,2999.54,Lead,Very High,20s,0.00025,2021,4,0.6987,0.0483,0.6846,0,1,0,0,0,0,1,0,0,0,1,0
226,Xander Moore,39,xander.moore@yahoo.com,64907.01,2023-03-26,14.7,3,31600.03,Lead,Medium,30s,0.000226,2023,3,0.4874,0.5245,0.4899,0,0,0,0,1,0,0,0,0,1,0,1
227,Yara Harris,44,yara.harris@company.org,99060.39,2023-11-03,4.8,5,44866.07,Mid-Level,Very High,40s,4.8e-05,2023,11,0.9057,0.7454,0.1577,0,0,0,0,1,0,0,0,1,0,1,0
228,Charlie Davis,33,charlie.davis@gmail.com,71057.31,2020-11-09,20.5,3,7471.25,Lead,High,30s,0.000288,2020,11,0.5628,0.1227,0.6846,0,1,0,0,0,0,0,0,1,0,0,1
229,Zane Johnson,46,zane.johnson@company.org,52158.74,2020-02-28,28.4,2,682.15,Lead,Very Low,40s,0.000544,2020,2,0.3313,0.0097,0.9497,0,1,0,0,0,1,0,0,0,0,0,1
230,Yara Moore,53,yara.moore@outlook.com,71030.52,2019-09-22,10.0,1,41873.35,Senior,High,50s,0.000141,2019,9,0.5624,0.6955,0.3322,1,0,0,0,0,0,0,1,0,0,1,0
231,Fiona Jackson,48,fiona.jackson@outlook.com,64907.01,2019-04-30,18.6,4,2344.88,Lead,Medium,40s,0.000287,2019,4,0.4874,0.0374,0.6208,0,0,0,1,0,0,0,0,1,0,0,1
232,Wendy White,32,wendy.white@gmail.com,84304.62,2018-05-07,6.6,4,3248.44,Senior,Very High,30s,7.8e-05,2018,5,0.725,0.0524,0.2181,0,0,0,0,1,1,0,0,0,0,1,0
234,Nancy Harris,28,nancy.harris@company.org,85788.55,2024-02-27,2.2,4,15649.38,Mid-Level,Very High,20s,2.6e-05,2024,2,0.7432,0.2589,0.0705,1,0,0,0,0,0,0,0,1,0,1,0
235,Diana Jones,48,diana.jones@yahoo.com,53393.16,2023-01-20,9.2,5,4008.03,Senior,Very Low,40s,0.000172,2023,1,0.3464,0.065,0.3054,0,1,0,0,0,0,0,1,0,0,1,0
236,Sam Davis,25,sam.davis@yahoo.com,67558.91,2021-09-20,10.8,3,10244.91,Senior,Medium,20s,0.00016,2021,9,0.5199,0.1689,0.3591,0,0,0,0,1,0,0,1,0,0,0,1
237,Diana Williams,46,diana.williams@gmail.com,74815.48,2023-09-09,17.4,5,3329.39,Lead,High,40s,0.000233,2023,9,0.6088,0.0537,0.5805,0,0,0,0,1,0,0,1,0,0,1,0
238,Bob Moore,37,bob.moore@company.org,67707.96,2019-01-06,0.3,2,18906.89,Junior,Medium,30s,4e-06,2019,1,0.5217,0.3131,0.0067,0,0,0,0,1,0,0,0,0,1,1,0
240,Zane Davis,45,zane.davis@company.org,68252.92,2024-08-02,11.4,5,3310.21,Senior,High,40s,0.000167,2024,8,0.5284,0.0534,0.3792,0,1,0,0,0,0,0,0,0,1,0,1
241,Charlie Moore,42,charlie.moore@company.org,93230.37,2019-10-11,19.3,2,11037.49,Lead,Very High,40s,0.000207,2019,10,0.8343,0.1821,0.6443,0,0,0,1,0,0,0,0,1,0,1,0
242,Fiona Davis,51,fiona.davis@gmail.com,67758.25,2022-08-11,3.8,5,51957.52,Mid-Level,Medium,50s,5.6e-05,2022,8,0.5224,0.8634,0.1242,0,0,0,1,0,1,0,0,0,0,1,0
244,Fiona Jones,36,fiona.jones@gmail.com,103080.37,2023-02-01,11.6,1,13855.28,Senior,Very High,30s,0.000113,2023,2,0.955,0.229,0.3859,0,0,1,0,0,1,0,0,0,0,1,0
245,Quinn White,43,quinn.white@outlook.com,56178.7,2019-04-27,3.9,5,8165.3,Mid-Level,Low,40s,6.9e-05,2019,4,0.3805,0.1343,0.1275,0,1,0,0,0,0,0,0,1,0,0,1
246,Alice Harris,36,alice.harris@gmail.com,49818.43,2022-04-11,22.2,4,15417.66,Lead,Very Low,30s,0.000446,2022,4,0.3026,0.255,0.7416,0,0,0,1,0,0,1,0,0,0,1,0
247,Nancy Williams,21,nancy.williams@gmail.com,61551.81,2024-06-25,11.3,2,8522.13,Senior,Medium,20s,0.000184,2024,6,0.4463,0.1402,0.3758,1,0,0,0,0,0,0,0,1,0,0,1
248,Kevin Miller,44,kevin.miller@gmail.com,59963.23,2020-04-14,16.7,2,5087.65,Lead,Low,40s,0.000279,2020,4,0.4269,0.083,0.557,0,0,1,0,0,0,0,0,0,1,0,1
249,Rachel Wilson,54,rachel.wilson@yahoo.com,48118.71,2019-10-25,12.0,3,3881.09,Senior,Very Low,50s,0.000249,2019,10,0.2818,0.0629,0.3993,0,0,0,0,1,0,0,1,0,0,1,0
250,Tina Thomas,39,tina.thomas@gmail.com,62764.45,2018-12-28,11.1,5,13855.28,Senior,Medium,30s,0.000177,2018,12,0.4612,0.229,0.3691,0,0,0,0,1,1,0,0,0,0,1,0
252,Hannah Taylor,39,hannah.taylor@yahoo.com,81206.9,2024-07-28,22.1,1,20007.82,Lead,Very High,30s,0.000272,2024,7,0.6871,0.3315,0.7383,0,0,1,0,0,0,0,1,0,0,1,0
253,Rachel Brown,19,rachel.brown@company.org,60966.67,2020-05-12,3.2,1,1784.27,Mid-Level,Low,10s,5.2e-05,2020,5,0.4392,0.028,0.104,1,0,0,0,0,1,0,0,0,0,0,1
254,Kevin Johnson,26,kevin.johnson@company.org,65010.49,2023-02-23,25.9,4,18096.39,Lead,Medium,20s,0.000398,2023,2,0.4887,0.2996,0.8658,0,0,0,1,0,1,0,0,0,0,1,0
255,Charlie Miller,39,charlie.miller@outlook.com,65208.94,2021-03-22,22.5,3,4712.06,Lead,Medium,30s,0.000345,2021,3,0.4911,0.0768,0.7517,0,1,0,0,0,0,0,0,1,0,1,0
256,Fiona Wilson,37,fiona.wilson@yahoo.com,63277.34,2020-04-26,7.5,5,4231.41,Senior,Medium,30s,0.000119,2020,4,0.4675,0.0688,0.2483,1,0,0,0,0,0,1,0,0,0,1,0
257,Yara Johnson,39,yara.johnson@gmail.com,64508.7,2024-06-11,29.5,5,16640.88,Lead,Medium,30s,0.000457,2024,6,0.4826,0.2754,0.9866,0,0,0,0,1,1,0,0,0,0,1,0
258,Hannah Jackson,39,,56848.63,2023-02-16,13.8,4,13855.28,Senior,Low,30s,0.000243,2023,2,0.3887,0.229,0.4597,0,0,1,0,0,0,0,1,0,0,1,0
259,Victor Jones,51,victor.jones@gmail.com,25109.73,2020-01-24,12.6,3,11623.63,Senior,Very Low,50s,0.000502,2020,1,0.0,0.1919,0.4195,0,0,1,0,0,1,0,0,0,0,1,0
260,Mike Brown,50,mike.brown@gmail.com,33899.15,2020-03-14,22.2,4,3374.06,Lead,Very Low,50s,0.000655,2020,3,0.1077,0.0545,0.7416,0,0,0,0,1,0,1,0,0,0,1,0
261,Fiona Miller,40,fiona.miller@company.org,61177.68,2022-06-20,1.8,3,58418.23,Junior,Low,40s,2.9e-05,2022,6,0.4418,0.971,0.057,0,0,1,0,0,0,0,0,0,1,0,1
262,Uma Johnson,23,uma.johnson@company.org,53332.75,2024-10-16,19.5,5,20656.47,Lead,Very Low,20s,0.000366,2024,10,0.3457,0.3423,0.651,0,0,0,1,0,0,0,1,0,0,0,1
263,Yara Brown,34,yara.brown@gmail.com,63956.15,2019-11-18,18.4,4,3395.67,Lead,Medium,30s,0.000288,2019,11,0.4758,0.0549,0.6141,0,0,1,0,0,1,0,0,0,0,1,0
264,Charlie Johnson,47,charlie.johnson@gmail.com,84073.33,2024-08-01,5.5,1,549.4,Mid-Level,Very High,40s,6.5e-05,2024,8,0.7222,0.0075,0.1812,0,0,1,0,0,1,0,0,0,0,0,1
265,Hannah Anderson,30,hannah.anderson@gmail.com,64907.01,2022-06-15,18.5,1,22288.29,Lead,Medium,30s,0.000285,2022,6,0.4874,0.3694,0.6174,0,0,0,1,0,0,0,0,1,0,1,0
266,Mike Brown,30,,57132.2,2023-05-05,16.2,3,21153.98,Lead,Low,30s,0.000284,2023,5,0.3922,0.3505,0.5403,0,0,0,0,1,0,0,0,1,0,1,0
267,Evan Thomas,42,evan.thomas@gmail.com,59739.78,2020-07-19,11.0,3,5572.39,Senior,Low,40s,0.000184,2020,7,0.4241,0.0911,0.3658,0,0,0,0,1,0,0,0,0,1,1,0
268,Alice Smith,35,alice.smith@gmail.com,75664.4,2021-04-14,16.4,2,35465.02,Lead,High,30s,0.000217,2021,4,0.6192,0.5888,0.547,0,0,0,1,0,1,0,0,0,0,0,1
269,Rachel Miller,42,rachel.miller@yahoo.com,89695.96,2024-11-16,22.3,3,4587.87,Lead,Very High,40s,0.000249,2024,11,0.791,0.0747,0.745,0,0,0,1,0,0,1,0,0,0,1,0
270,Charlie Williams,27,charlie.williams@gmail.com,73896.52,2018-01-04,8.5,2,261.74,Senior,High,20s,0.000115,2018,1,0.5975,0.0027,0.2819,0,0,1,0,0,0,0,0,1,0,1,0
271,Xander Smith,34,xander.smith@outlook.com,39953.31,2019-08-22,11.8,5,44637.26,Senior,Very Low,30s,0.000295,2019,8,0.1818,0.7416,0.3926,0,0,0,1,0,0,0,0,1,0,0,1
273,Fiona Anderson,48,fiona.anderson@company.org,84736.5,2022-11-14,14.7,3,6241.23,Lead,Very High,40s,0.000173,2022,11,0.7303,0.1022,0.4899,0,0,0,0,1,0,1,0,0,0,0,1
274,Mike Jackson,20,mike.jackson@gmail.com,45793.56,2024-12-08,29.9,4,16061.35,Lead,Very Low,20s,0.000653,2024,12,0.2533,0.2657,1.0,0,0,0,0,1,0,0,1,0,0,1,0
275,Laura Anderson,55,laura.anderson@gmail.com,38697.96,2020-03-01,10.7,2,59305.34,Senior,Very Low,50s,0.000277,2020,3,0.1664,0.9858,0.3557,0,0,0,0,1,0,0,0,1,0,1,0
276,Bob Wilson,32,bob.wilson@yahoo.com,56826.21,2024-03-21,4.7,3,40570.1,Mid-Level,Low,30s,8.3e-05,2024,3,0.3885,0.6738,0.1544,0,0,1,0,0,1,0,0,0,0,1,0
277,Rachel Davis,41,rachel.davis@gmail.com,79577.34,2024-01-17,20.5,5,32174.29,Lead,Very High,40s,0.000258,2024,1,0.6671,0.534,0.6846,0,0,1,0,0,0,1,0,0,0,1,0
279,Quinn Taylor,37,quinn.taylor@gmail.com,97328.59,2023-04-02,22.3,4,5965.09,Lead,Very High,30s,0.000229,2023,4,0.8845,0.0976,0.745,1,0,0,0,0,1,0,0,0,0,0,1
281,Victor Jones,36,victor.jones@gmail.com,45673.29,2022-10-16,5.4,4,6357.53,Mid-Level,Very Low,30s,0.000118,2022,10,0.2519,0.1042,0.1779,0,1,0,0,0,0,0,0,1,0,0,1
282,Victor Williams,39,victor.williams@company.org,67937.68,2020-12-09,16.5,4,6405.63,Lead,High,30s,0.000243,2020,12,0.5246,0.105,0.5503,0,0,0,1,0,0,0,1,0,0,0,1
283,Oscar Wilson,39,,64907.01,2020-06-27,0.7,4,16156.71,Junior,Medium,30s,1.1e-05,2020,6,0.4874,0.2673,0.0201,1,0,0,0,0,0,0,0,0,1,0,1
284,Rachel Moore,28,rachel.moore@yahoo.com,80437.33,2019-01-12,6.5,1,4624.05,Senior,Very High,20s,8.1e-05,2019,1,0.6776,0.0753,0.2148,0,0,1,0,0,0,1,0,0,0,0,1
285,Zane Wilson,42,zane.wilson@gmail.com,89308.0,2018-11-18,10.0,4,21874.68,Senior,Very High,40s,0.000112,2018,11,0.7863,0.3625,0.3322,0,0,1,0,0,0,0,0,1,0,0,1
286,Diana White,53,,37386.89,2021-08-31,20.2,4,14634.34,Lead,Very Low,50s,0.00054,2021,8,0.1504,0.242,0.6745,0,1,0,0,0,0,0,0,1,0,0,1
287,Yara Taylor,25,yara.taylor@yahoo.com,59779.8,2022-06-21,3.9,2,18484.04,Mid-Level,Low,20s,6.5e-05,2022,6,0.4246,0.3061,0.1275,0,0,0,1,0,0,0,0,1,0,1,0
288,George Wilson,39,george.wilson@yahoo.com,55827.23,2019-01-02,12.7,3,6813.04,Senior,Low,30s,0.000227,2019,1,0.3762,0.1118,0.4228,0,0,0,0,1,0,0,1,0,0,1,0
289,Laura Taylor,23,laura.taylor@outlook.com,85119.68,2022-12-03,25.6,1,7051.43,Lead,Very High,20s,0.000301,2022,12,0.735,0.1157,0.8557,0,0,0,1,0,0,0,0,1,0,0,1
290,Hannah Taylor,29,hannah.taylor@gmail.com,50759.02,2020-05-17,22.5,5,21793.32,Lead,Very Low,20s,0.000443,2020,5,0.3141,0.3612,0.7517,0,0,0,1,0,0,0,0,1,0,0,1
291,Xander Williams,64,xander.williams@company.org,66429.81,2018-08-06,0.3,4,4839.91,Junior,Medium,60s,5e-06,2018,8,0.5061,0.0789,0.0067,0,0,1,0,0,0,1,0,0,0,1,0
292,Victor White,39,victor.white@outlook.com,56365.43,2024-09-11,15.0,4,13718.12,Lead,Low,30s,0.000266,2024,9,0.3828,0.2267,0.5,0,0,0,1,0,0,0,1,0,0,0,1
293,Wendy Smith,39,,39656.64,2023-08-16,18.8,4,29473.0,Lead,Very Low,30s,0.000474,2023,8,0.1782,0.4891,0.6275,0,0,0,0,1,0,0,0,1,0,1,0
294,Alice Moore,47,alice.moore@gmail.com,64475.17,2022-10-13,9.9,5,23320.85,Senior,Medium,40s,0.000154,2022,10,0.4821,0.3866,0.3289,0,1,0,0,0,0,1,0,0,0,1,0
295,Uma Williams,55,uma.williams@gmail.com,41630.72,2019-10-10,16.0,4,34196.47,Lead,Very Low,50s,0.000384,2019,10,0.2023,0.5677,0.5336,0,0,0,1,0,1,0,0,0,0,1,0
296,Kevin White,33,kevin.white@company.org,74486.12,2019-06-23,14.7,5,6353.07,Lead,High,30s,0.000197,2019,6,0.6048,0.1041,0.4899,0,0,0,0,1,0,0,0,0,1,1,0
297,Tina Taylor,47,tina.taylor@outlook.com,38557.0,2022-05-07,4.9,2,13855.28,Mid-Level,Very Low,40s,0.000127,2022,5,0.1647,0.229,0.1611,0,0,0,0,1,1,0,0,0,0,0,1
298,Yara Smith,49,yara.smith@yahoo.com,45209.78,2020-10-07,1.3,4,15613.4,Junior,Very Low,40s,2.9e-05,2020,10,0.2462,0.2583,0.0403,0,0,0,1,0,1,0,0,0,0,1,0
300,Uma Smith,44,uma.smith@outlook.com,84294.03,2023-03-14,15.0,2,37835.44,Lead,Very High,40s,0.000178,2023,3,0.7249,0.6283,0.5,0,0,1,0,0,0,0,0,1,0,1,0
301,Wendy Moore,48,wendy.moore@yahoo.com,63947.51,2019-11-03,21.2,4,5000.26,Lead,Medium,40s,0.000332,2019,11,0.4757,0.0816,0.7081,0,0,0,0,1,0,0,0,0,1,1,0
302,Quinn Thomas,21,,77277.27,2019-07-09,5.4,4,13855.28,Mid-Level,High,20s,7e-05,2019,7,0.6389,0.229,0.1779,1,0,0,0,0,0,0,0,1,0,1,0
303,Julia Brown,39,julia.brown@yahoo.com,64907.01,2023-08-01,0.2,4,690.71,Junior,Medium,30s,3e-06,2023,8,0.4874,0.0098,0.0034,0,0,0,0,1,0,0,0,0,1,1,0
304,Sam Anderson,27,,80797.29,2020-04-30,1.7,3,13855.28,Junior,Very High,20s,2.1e-05,2020,4,0.6821,0.229,0.0537,0,1,0,0,0,0,0,0,0,1,0,1
305,Bob Anderson,37,,75222.51,2024-02-09,22.5,3,39616.21,Lead,High,30s,0.000299,2024,2,0.6138,0.6579,0.7517,0,0,0,1,0,1,0,0,0,0,0,1
306,Charlie Jackson,33,charlie.jackson@gmail.com,78297.76,2021-09-10,20.9,5,13855.28,Lead,Very High,30s,0.000267,2021,9,0.6514,0.229,0.698,0,0,0,1,0,1,0,0,0,0,0,1
307,Sam Thomas,23,sam.thomas@company.org,72515.5,2024-12-27,18.4,4,2569.56,Lead,High,20s,0.000254,2024,12,0.5806,0.0411,0.6141,0,0,0,0,1,0,0,0,1,0,1,0
308,Uma Wilson,40,,57818.77,2020-04-29,10.0,5,8306.52,Senior,Low,40s,0.000173,2020,4,0.4006,0.1366,0.3322,0,0,0,0,1,1,0,0,0,0,1,0
309,George Smith,35,george.smith@gmail.com,67024.77,2022-06-11,5.8,3,7575.21,Mid-Level,Medium,30s,8.7e-05,2022,6,0.5134,0.1244,0.1913,0,0,0,0,1,0,0,0,1,0,0,1
310,Pam Harris,39,pam.harris@outlook.com,86704.67,2018-08-18,20.3,5,7676.59,Lead,Very High,30s,0.000234,2018,8,0.7544,0.1261,0.6779,0,1,0,0,0,0,0,0,1,0,1,0
311,George Taylor,39,,78016.48,2022-03-17,11.7,5,19135.13,Senior,Very High,30s,0.00015,2022,3,0.648,0.3169,0.3893,1,0,0,0,0,0,0,0,0,1,0,1
312,Zane Jackson,40,zane.jackson@outlook.com,66234.26,2023-11-21,11.2,1,55959.84,Senior,Medium,40s,0.000169,2023,11,0.5037,0.9301,0.3725,0,0,1,0,0,1,0,0,0,0,0,1
313,Charlie Wilson,48,charlie.wilson@outlook.com,83347.56,2019-07-02,1.1,4,10280.98,Junior,Very High,40s,1.3e-05,2019,7,0.7133,0.1695,0.0336,0,1,0,0,0,0,0,0,0,1,1,0
315,George Brown,34,george.brown@yahoo.com,39772.7,2021-07-28,21.1,3,26756.36,Lead,Very Low,30s,0.000531,2021,7,0.1796,0.4438,0.7047,0,0,0,0,1,0,0,1,0,0,0,1
316,Fiona Johnson,20,fiona.johnson@outlook.com,58697.2,2022-05-25,26.7,4,8758.39,Lead,Low,20s,0.000455,2022,5,0.4114,0.1441,0.8926,0,0,0,0,1,0,0,1,0,0,0,1
317,Wendy Wilson,35,wendy.wilson@gmail.com,49908.26,2023-04-03,20.5,4,5321.22,Lead,Very Low,30s,0.000411,2023,4,0.3037,0.0869,0.6846,0,0,0,0,1,1,0,0,0,0,1,0
318,Pam Jones,27,pam.jones@outlook.com,64479.73,2023-01-31,14.7,4,9700.77,Lead,Medium,20s,0.000228,2023,1,0.4822,0.1598,0.4899,0,0,0,0,1,0,0,0,1,0,0,1
319,Pam Wilson,40,pam.wilson@gmail.com,48941.33,2021-05-22,12.4,5,59899.13,Senior,Very Low,40s,0.000253,2021,5,0.2919,0.9957,0.4128,0,0,0,0,1,0,0,1,0,0,0,1
320,Fiona Wilson,44,fiona.wilson@outlook.com,79764.84,2024-06-09,17.9,3,57911.23,Lead,Very High,40s,0.000224,2024,6,0.6694,0.9626,0.5973,0,0,1,0,0,0,1,0,0,0,0,1
321,Oscar Williams,35,oscar.williams@outlook.com,99645.84,2024-07-06,19.8,4,3655.25,Lead,Very High,30s,0.000199,2024,7,0.9129,0.0592,0.6611,0,0,0,0,1,0,0,0,1,0,1,0
322,Mike Taylor,31,mike.taylor@company.org,67496.78,2024-11-09,25.6,1,18716.44,Lead,Medium,30s,0.000379,2024,11,0.5192,0.31,0.8557,0,0,0,1,0,0,0,0,1,0,0,1
324,George Moore,38,george.moore@yahoo.com,55652.89,2022-11-24,19.3,4,30244.82,Lead,Low,30s,0.000347,2022,11,0.3741,0.5019,0.6443,0,0,0,0,1,0,0,0,1,0,1,0
326,Bob Taylor,36,bob.taylor@gmail.com,59399.01,2024-11-03,18.9,4,28396.07,Lead,Low,30s,0.000318,2024,11,0.42,0.4711,0.6309,0,0,0,0,1,0,0,0,0,1,1,0
327,Charlie Anderson,26,charlie.anderson@gmail.com,52514.67,2021-09-19,29.3,3,33838.26,Lead,Very Low,20s,0.000558,2021,9,0.3357,0.5617,0.9799,0,0,0,1,0,1,0,0,0,0,0,1
328,Bob Thomas,42,bob.thomas@outlook.com,54421.84,2018-04-22,3.8,1,15399.46,Mid-Level,Low,40s,7e-05,2018,4,0.359,0.2547,0.1242,0,1,0,0,0,0,0,0,1,0,0,1
329,Ivan Brown,30,ivan.brown@gmail.com,88212.58,2019-12-20,7.1,2,1918.92,Senior,Very High,30s,8e-05,2019,12,0.7729,0.0303,0.2349,0,1,0,0,0,1,0,0,0,0,0,1
330,Bob Davis,55,bob.davis@outlook.com,59561.97,2019-11-17,25.3,1,2774.09,Lead,Low,50s,0.000425,2019,11,0.422,0.0445,0.8456,0,0,0,1,0,0,0,1,0,0,1,0
331,Yara White,43,yara.white@gmail.com,69287.98,2022-11-16,23.9,4,21298.25,Lead,High,40s,0.000345,2022,11,0.5411,0.3529,0.7987,0,0,0,0,1,0,0,1,0,0,0,1
332,Quinn Anderson,41,quinn.anderson@outlook.com,52241.65,2019-02-07,11.7,4,10500.29,Senior,Very Low,40s,0.000224,2019,2,0.3323,0.1731,0.3893,0,0,0,0,1,0,0,0,0,1,0,1
335,Fiona Harris,37,fiona.harris@outlook.com,57235.83,2021-08-17,2.2,1,38103.97,Mid-Level,Low,30s,3.8e-05,2021,8,0.3935,0.6328,0.0705,0,0,1,0,0,0,0,1,0,0,1,0
338,Quinn Thomas,48,quinn.thomas@gmail.com,40409.06,2023-05-29,28.1,3,42178.23,Lead,Very Low,40s,0.000695,2023,5,0.1874,0.7006,0.9396,0,0,0,0,1,0,0,1,0,0,1,0
339,Julia Miller,42,julia.miller@company.org,73859.82,2018-06-11,9.0,4,38020.11,Senior,High,40s,0.000122,2018,6,0.5971,0.6314,0.2987,0,0,0,1,0,0,0,0,0,1,0,1
340,Uma Thomas,49,uma.thomas@gmail.com,71084.26,2024-01-24,28.9,4,36281.74,Lead,High,40s,0.000407,2024,1,0.5631,0.6024,0.9664,0,0,0,0,1,0,1,0,0,0,1,0
341,Alice Smith,45,alice.smith@gmail.com,81000.12,2018-10-23,14.7,1,19278.73,Lead,Very High,40s,0.000181,2018,10,0.6845,0.3193,0.4899,0,0,0,0,1,1,0,0,0,0,1,0
343,Xander Anderson,42,xander.anderson@yahoo.com,62493.23,2019-08-02,11.1,2,8162.94,Senior,Medium,40s,0.000178,2019,8,0.4579,0.1342,0.3691,0,1,0,0,0,1,0,0,0,0,0,1
344,Sam Smith,39,sam.smith@gmail.com,64907.01,2019-01-01,24.2,4,27213.18,Lead,Medium,30s,0.000373,2019,1,0.4874,0.4514,0.8087,0,0,0,0,1,0,0,0,1,0,1,0
345,George Williams,41,george.williams@gmail.com,59099.92,2021-05-18,16.7,2,35691.81,Lead,Low,40s,0.000283,2021,5,0.4163,0.5926,0.557,0,0,0,0,1,1,0,0,0,0,1,0
346,Quinn Johnson,35,quinn.johnson@yahoo.com,65051.22,2023-04-28,20.1,1,13855.28,Lead,Medium,30s,0.000309,2023,4,0.4892,0.229,0.6711,1,0,0,0,0,0,0,1,0,0,0,1
348,Nancy Jones,24,nancy.jones@gmail.com,76193.8,2023-04-14,13.1,2,20102.75,Senior,High,20s,0.000172,2023,4,0.6257,0.333,0.4362,0,0,0,1,0,0,1,0,0,0,0,1
349,Oscar Williams,52,oscar.williams@company.org,68204.46,2019-07-14,13.8,2,2262.94,Senior,High,50s,0.000202,2019,7,0.5278,0.036,0.4597,1,0,0,0,0,0,0,0,1,0,1,0
350,Hannah Harris,40,hannah.harris@gmail.com,88661.8,2023-06-27,25.1,3,13855.28,Lead,Very High,40s,0.000283,2023,6,0.7784,0.229,0.8389,0,0,0,0,1,0,1,0,0,0,0,1
353,Mike Williams,48,,49602.27,2023-12-15,22.6,4,1394.52,Lead,Very Low,40s,0.000456,2023,12,0.3,0.0215,0.755,0,0,0,0,1,0,0,1,0,0,1,0
354,Rachel Taylor,19,rachel.taylor@gmail.com,79475.22,2022-02-06,11.0,2,19399.92,Senior,Very High,10s,0.000138,2022,2,0.6659,0.3213,0.3658,0,0,0,0,1,0,0,0,1,0,0,1
355,Wendy Johnson,32,wendy.johnson@gmail.com,70658.18,2021-08-05,15.1,4,28398.11,Lead,High,30s,0.000214,2021,8,0.5579,0.4712,0.5034,0,0,0,0,1,0,1,0,0,0,0,1
356,Charlie Davis,36,charlie.davis@gmail.com,34471.4,2018-09-26,13.7,1,29428.98,Senior,Very Low,30s,0.000397,2018,9,0.1147,0.4883,0.4564,0,1,0,0,0,0,0,0,0,1,0,1
357,Fiona Brown,32,fiona.brown@outlook.com,93217.36,2024-01-27,12.6,4,6393.82,Senior,Very High,30s,0.000135,2024,1,0.8342,0.1048,0.4195,1,0,0,0,0,0,0,0,1,0,0,1
358,Julia Jones,25,julia.jones@outlook.com,62333.9,2023-12-12,17.0,3,31676.33,Lead,Medium,20s,0.000273,2023,12,0.4559,0.5257,0.5671,0,0,0,0,1,0,0,0,1,0,0,1
359,Ivan Jones,27,ivan.jones@company.org,75625.35,2019-12-20,3.5,3,1719.46,Mid-Level,High,20s,4.6e-05,2019,12,0.6187,0.0269,0.1141,1,0,0,0,0,1,0,0,0,0,0,1
360,Oscar Brown,49,oscar.brown@company.org,84658.16,2018-04-13,23.1,4,6383.72,Lead,Very High,40s,0.000273,2018,4,0.7293,0.1046,0.7718,0,0,0,1,0,1,0,0,0,0,1,0
361,Evan Smith,44,evan.smith@outlook.com,63512.36,2022-12-16,21.9,1,10885.14,Lead,Medium,40s,0.000345,2022,12,0.4703,0.1796,0.7315,0,0,0,0,1,1,0,0,0,0,1,0
362,Rachel Johnson,25,,89902.05,2021-12-02,14.7,5,6410.03,Lead,Very High,20s,0.000164,2021,12,0.7936,0.105,0.4899,0,0,0,0,1,0,1,0,0,0,1,0
363,Victor Anderson,37,victor.anderson@gmail.com,68650.09,2022-10-18,0.4,3,44905.05,Junior,High,30s,6e-06,2022,10,0.5333,0.746,0.0101,0,0,0,0,1,0,0,0,1,0,1,0
364,Oscar White,30,oscar.white@outlook.com,54963.18,2024-08-02,9.1,5,632.58,Senior,Low,30s,0.000166,2024,8,0.3656,0.0088,0.302,0,0,0,0,1,0,0,1,0,0,1,0
365,Charlie Harris,25,charlie.harris@company.org,86656.47,2019-07-15,11.5,5,39954.76,Senior,Very High,20s,0.000133,2019,7,0.7538,0.6636,0.3826,0,1,0,0,0,1,0,0,0,0,1,0
366,Julia White,43,,64566.13,2023-04-20,26.8,4,4104.24,Lead,Medium,40s,0.000415,2023,4,0.4833,0.0666,0.896,0,0,0,0,1,1,0,0,0,0,1,0
367,Wendy Anderson,41,wendy.anderson@company.org,71851.3,2023-05-04,22.0,1,29473.84,Lead,High,40s,0.000306,2023,5,0.5725,0.4891,0.7349,0,1,0,0,0,0,0,1,0,0,0,1
368,Fiona Taylor,42,fiona.taylor@gmail.com,74112.71,2018-11-11,5.5,1,19681.78,Mid-Level,High,40s,7.4e-05,2018,11,0.6002,0.326,0.1812,0,0,0,1,0,0,0,0,1,0,1,0
370,Evan Moore,27,evan.moore@gmail.com,64253.5,2019-04-23,14.4,3,2674.87,Lead,Medium,20s,0.000224,2019,4,0.4794,0.0428,0.4799,0,0,0,0,1,0,0,1,0,0,0,1
371,Evan White,31,,92014.11,2019-07-08,6.3,1,4475.99,Senior,Very High,30s,6.8e-05,2019,7,0.8194,0.0728,0.2081,0,0,0,0,1,0,0,1,0,0,0,1
372,Yara Jackson,39,yara.jackson@gmail.com,53887.51,2018-06-27,0.3,1,17444.11,Junior,Very Low,30s,6e-06,2018,6,0.3525,0.2888,0.0067,0,0,0,0,1,0,0,0,1,0,1,0
373,Tina Jones,37,tina.jones@company.org,77609.65,2024-11-15,2.1,5,7431.77,Mid-Level,High,30s,2.7e-05,2024,11,0.643,0.1221,0.0671,0,0,1,0,0,0,0,0,1,0,0,1
374,Quinn Jones,31,quinn.jones@gmail.com,60846.52,2022-12-06,10.6,4,1504.1,Senior,Low,30s,0.000174,2022,12,0.4377,0.0234,0.3523,0,1,0,0,0,1,0,0,0,0,1,0
376,Oscar Jones,13,oscar.jones@outlook.com,64907.01,2023-07-07,15.7,4,6896.69,Lead,Medium,10s,0.000242,2023,7,0.4874,0.1131,0.5235,0,0,1,0,0,1,0,0,0,0,1,0
377,Evan Miller,45,,71381.86,2022-07-14,12.7,4,30269.01,Senior,High,40s,0.000178,2022,7,0.5667,0.5023,0.4228,1,0,0,0,0,0,0,0,1,0,1,0
378,Wendy Jackson,37,wendy.jackson@company.org,56434.93,2019-08-27,7.5,4,2217.07,Senior,Low,30s,0.000133,2019,8,0.3837,0.0352,0.2483,0,1,0,0,0,0,0,1,0,0,1,0
379,Evan Smith,39,evan.smith@gmail.com,64945.96,2019-01-30,15.6,4,19254.85,Lead,Medium,30s,0.00024,2019,1,0.4879,0.3189,0.5201,0,0,0,1,0,0,0,0,1,0,0,1
380,George Brown,26,george.brown@gmail.com,72873.33,2019-05-03,25.6,4,196.38,Lead,High,20s,0.000351,2019,5,0.585,0.0016,0.8557,0,0,0,0,1,0,0,0,1,0,0,1
381,Bob Williams,55,bob.williams@outlook.com,68125.74,2023-07-03,25.6,5,13855.28,Lead,High,50s,0.000376,2023,7,0.5269,0.229,0.8557,0,0,0,0,1,0,0,1,0,0,1,0
382,Ivan Wilson,17,ivan.wilson@company.org,61292.34,2024-07-19,18.8,4,675.34,Lead,Low,10s,0.000307,2024,7,0.4432,0.0096,0.6275,0,1,0,0,0,0,0,0,1,0,1,0
383,Laura Davis,39,laura.davis@company.org,54770.24,2019-11-27,1.1,4,1636.75,Junior,Low,30s,2e-05,2019,11,0.3633,0.0256,0.0336,0,0,0,0,1,0,0,1,0,0,1,0
384,Sam Moore,27,,60783.5,2019-02-05,20.3,3,16765.35,Lead,Low,20s,0.000334,2019,2,0.4369,0.2775,0.6779,0,0,1,0,0,0,0,1,0,0,0,1
386,Diana Taylor,39,diana.taylor@outlook.com,85990.33,2021-05-13,9.4,4,641.91,Senior,Very High,30s,0.000109,2021,5,0.7457,0.009,0.3121,0,0,0,0,1,0,0,1,0,0,1,0
387,Tina Moore,47,tina.moore@gmail.com,92179.7,2023-03-30,16.0,5,40954.07,Lead,Very High,40s,0.000174,2023,3,0.8215,0.6802,0.5336,0,1,0,0,0,1,0,0,0,0,0,1
388,Nancy Harris,41,nancy.harris@yahoo.com,78427.9,2018-09-21,8.0,3,8293.65,Senior,Very High,40s,0.000102,2018,9,0.653,0.1364,0.2651,0,0,0,0,1,0,0,0,0,1,0,1
389,Ivan Anderson,44,,66718.0,2022-11-22,1.1,2,33997.95,Junior,Medium,40s,1.6e-05,2022,11,0.5096,0.5644,0.0336,0,0,0,0,1,0,0,0,0,1,1,0
390,Alice Brown,47,alice.brown@outlook.com,96128.91,2018-09-18,20.2,1,14947.96,Lead,Very High,40s,0.00021,2018,9,0.8698,0.2472,0.6745,0,0,0,0,1,0,0,1,0,0,1,0
391,Xander White,31,xander.white@gmail.com,59457.18,2024-09-22,9.4,5,1245.0,Senior,Low,30s,0.000158,2024,9,0.4207,0.019,0.3121,0,1,0,0,0,0,0,0,0,1,0,1
392,Zane Thomas,40,zane.thomas@company.org,55228.73,2019-04-08,14.2,2,41080.71,Lead,Low,40s,0.000257,2019,4,0.3689,0.6823,0.4732,0,0,1,0,0,0,0,0,1,0,0,1
393,Zane Harris,33,,49526.36,2018-12-08,11.5,4,31184.26,Senior,Very Low,30s,0.000232,2018,12,0.2991,0.5176,0.3826,0,1,0,0,0,0,0,0,1,0,0,1
394,Laura Harris,32,laura.harris@gmail.com,64634.68,2020-08-22,26.7,4,16209.97,Lead,Medium,30s,0.000413,2020,8,0.4841,0.2682,0.8926,0,0,0,1,0,0,0,0,0,1,1,0
396,Xander White,45,,65570.05,2019-07-12,18.8,3,4451.44,Lead,Medium,40s,0.000287,2019,7,0.4956,0.0724,0.6275,0,0,0,0,1,1,0,0,0,0,1,0
397,Diana Williams,39,diana.williams@gmail.com,57466.16,2019-07-01,17.8,3,622.64,Lead,Low,30s,0.00031,2019,7,0.3963,0.0087,0.594,0,0,0,0,1,0,0,0,1,0,1,0
398,George Johnson,40,,61139.35,2020-03-23,5.1,4,40540.4,Mid-Level,Low,40s,8.3e-05,2020,3,0.4413,0.6733,0.1678,0,0,0,0,1,0,1,0,0,0,1,0
399,Tina Brown,21,tina.brown@gmail.com,78993.19,2020-02-20,14.8,2,11084.87,Lead,Very High,20s,0.000187,2020,2,0.66,0.1829,0.4933,0,0,0,1,0,1,0,0,0,0,0,1
401,Pam Williams,23,pam.williams@outlook.com,41572.9,2021-09-25,10.6,5,25838.43,Senior,Very Low,20s,0.000255,2021,9,0.2016,0.4285,0.3523,0,0,1,0,0,0,0,1,0,0,1,0
403,Wendy Moore,37,wendy.moore@company.org,40505.72,2020-12-16,4.9,4,17946.94,Mid-Level,Very Low,30s,0.000121,2020,12,0.1886,0.2971,0.1611,0,0,0,1,0,0,0,0,0,1,1,0
405,Laura Thomas,51,laura.thomas@gmail.com,55616.56,2023-09-15,19.9,2,25163.3,Lead,Low,50s,0.000358,2023,9,0.3736,0.4173,0.6644,1,0,0,0,0,0,0,0,0,1,1,0
406,Alice Moore,41,alice.moore@gmail.com,69857.0,2022-06-03,28.5,3,13556.42,Lead,High,40s,0.000408,2022,6,0.5481,0.224,0.953,0,0,0,0,1,0,0,0,0,1,1,0
407,Charlie Wilson,35,charlie.wilson@gmail.com,73154.0,2024-05-20,1.5,4,11786.75,Junior,High,30s,2.1e-05,2024,5,0.5884,0.1946,0.047,0,0,0,0,1,1,0,0,0,0,0,1
408,Zane Smith,34,zane.smith@yahoo.com,31483.6,2019-10-30,8.5,4,17976.43,Senior,Very Low,30s,0.00027,2019,10,0.0781,0.2976,0.2819,0,0,0,0,1,0,0,1,0,0,0,1
410,Zane Davis,26,zane.davis@outlook.com,77109.4,2023-11-20,13.1,4,7866.48,Senior,High,20s,0.00017,2023,11,0.6369,0.1293,0.4362,0,0,0,0,1,1,0,0,0,0,0,1
411,Evan Anderson,25,evan.anderson@gmail.com,57984.48,2023-03-19,17.6,5,13855.28,Lead,Low,20s,0.000304,2023,3,0.4026,0.229,0.5872,0,0,0,0,1,0,0,1,0,0,0,1
412,Xander Anderson,41,xander.anderson@company.org,64296.19,2020-12-21,26.1,2,5385.07,Lead,Medium,40s,0.000406,2020,12,0.48,0.088,0.8725,0,0,0,0,1,1,0,0,0,0,0,1
413,Charlie Thomas,42,charlie.thomas@gmail.com,33572.64,2022-07-18,24.4,5,35308.2,Lead,Very Low,40s,0.000727,2022,7,0.1037,0.5862,0.8154,0,0,0,0,1,1,0,0,0,0,1,0
414,Victor Thomas,40,,41651.27,2018-04-20,4.4,2,19201.98,Mid-Level,Very Low,40s,0.000106,2018,4,0.2026,0.318,0.1443,0,0,0,0,1,0,0,0,1,0,1,0
415,Uma White,33,,52424.19,2023-06-10,14.7,4,3669.31,Lead,Very Low,30s,0.00028,2023,6,0.3345,0.0594,0.4899,1,0,0,0,0,1,0,0,0,0,1,0
416,George Brown,43,george.brown@outlook.com,60175.47,2024-03-20,14.7,4,37179.85,Lead,Low,40s,0.000244,2024,3,0.4295,0.6174,0.4899,0,0,0,0,1,1,0,0,0,0,0,1
417,Sam Thomas,58,sam.thomas@gmail.com,70439.83,2022-09-05,18.7,4,40540.21,Lead,High,50s,0.000265,2022,9,0.5552,0.6733,0.6242,0,0,0,1,0,0,0,0,1,0,1,0
419,Victor Anderson,36,victor.anderson@yahoo.com,65725.78,2020-03-28,3.0,4,55167.62,Mid-Level,Medium,30s,4.6e-05,2020,3,0.4975,0.9169,0.0973,0,0,0,0,1,0,0,1,0,0,1,0
420,Pam Brown,31,pam.brown@company.org,75989.6,2019-12-04,6.7,3,7600.51,Senior,High,30s,8.8e-05,2019,12,0.6232,0.1249,0.2215,1,0,0,0,0,0,0,0,1,0,0,1
421,Zane Davis,37,zane.davis@gmail.com,56168.55,2023-02-16,23.4,5,3211.43,Lead,Low,30s,0.000417,2023,2,0.3804,0.0518,0.7819,0,0,0,0,1,0,0,0,1,0,1,0
422,Diana White,38,diana.white@company.org,78744.92,2019-11-02,10.0,2,12129.85,Senior,Very High,30s,0.000127,2019,11,0.6569,0.2003,0.3322,0,0,1,0,0,1,0,0,0,0,0,1
425,Evan Harris,27,evan.harris@gmail.com,69148.54,2021-05-31,0.2,3,11730.76,Junior,High,20s,3e-06,2021,5,0.5394,0.1936,0.0034,0,0,0,1,0,0,0,1,0,0,1,0
426,Tina Harris,31,tina.harris@gmail.com,62139.76,2022-07-15,2.5,5,23593.8,Mid-Level,Medium,30s,4e-05,2022,7,0.4535,0.3912,0.0805,0,0,0,0,1,0,0,0,1,0,0,1
427,Xander Thomas,40,xander.thomas@gmail.com,64536.69,2018-04-25,23.2,4,19238.7,Lead,Medium,40s,0.000359,2018,4,0.4829,0.3186,0.7752,0,1,0,0,0,0,0,0,1,0,0,1
428,Quinn Johnson,58,quinn.johnson@gmail.com,68016.49,2023-01-31,24.2,5,617.17,Lead,High,50s,0.000356,2023,1,0.5255,0.0086,0.8087,0,0,0,0,1,1,0,0,0,0,0,1
429,Uma Anderson,48,uma.anderson@gmail.com,67963.49,2021-04-09,10.8,1,22571.95,Senior,High,40s,0.000159,2021,4,0.5249,0.3741,0.3591,0,0,0,0,1,0,0,1,0,0,0,1
430,Nancy White,42,nancy.white@outlook.com,74580.95,2022-06-06,19.1,4,10013.03,Lead,High,40s,0.000256,2022,6,0.6059,0.165,0.6376,0,0,0,0,1,0,0,1,0,0,1,0
431,Pam Thomas,26,pam.thomas@outlook.com,53425.58,2018-05-14,11.1,1,21449.85,Senior,Very Low,20s,0.000208,2018,5,0.3468,0.3555,0.3691,0,0,0,0,1,0,0,1,0,0,1,0
432,Nancy Johnson,40,nancy.johnson@company.org,64037.92,2019-08-06,14.7,3,40920.67,Lead,Medium,40s,0.00023,2019,8,0.4768,0.6797,0.4899,0,0,1,0,0,0,0,0,0,1,1,0
433,George Williams,41,,70109.0,2023-01-27,14.3,4,26822.54,Lead,High,40s,0.000204,2023,1,0.5511,0.4449,0.4765,0,0,0,0,1,0,0,1,0,0,0,1
434,Evan Jackson,52,evan.jackson@company.org,61337.65,2021-10-20,26.7,4,7921.18,Lead,Medium,50s,0.000435,2021,10,0.4437,0.1302,0.8926,0,1,0,0,0,0,0,1,0,0,1,0
435,Charlie White,39,charlie.white@company.org,79461.31,2024-06-20,15.7,4,22027.93,Lead,Very High,30s,0.000198,2024,6,0.6657,0.3651,0.5235,0,0,0,0,1,0,0,1,0,0,1,0
436,Alice Johnson,43,alice.johnson@yahoo.com,75517.59,2021-08-05,14.7,1,31971.31,Lead,High,40s,0.000195,2021,8,0.6174,0.5307,0.4899,0,0,0,0,1,1,0,0,0,0,0,1
439,Quinn Jackson,38,quinn.jackson@outlook.com,45829.66,2018-03-18,17.6,1,23779.53,Lead,Very Low,30s,0.000384,2018,3,0.2538,0.3943,0.5872,0,0,0,0,1,0,0,1,0,0,0,1
440,Rachel Anderson,21,rachel.anderson@gmail.com,50129.11,2020-10-01,16.7,1,13855.28,Lead,Very Low,20s,0.000333,2020,10,0.3064,0.229,0.557,1,0,0,0,0,0,0,0,1,0,0,1
441,Oscar White,16,oscar.white@outlook.com,55415.57,2020-05-21,14.7,4,5156.5,Lead,Low,10s,0.000265,2020,5,0.3712,0.0842,0.4899,0,0,1,0,0,0,0,1,0,0,0,1
442,Charlie Brown,24,charlie.brown@company.org,67545.41,2020-12-06,19.9,3,22065.23,Lead,Medium,20s,0.000295,2020,12,0.5197,0.3657,0.6644,1,0,0,0,0,0,0,0,1,0,1,0
443,Oscar Taylor,30,oscar.taylor@gmail.com,54677.74,2023-06-26,23.6,4,9553.81,Lead,Low,30s,0.000432,2023,6,0.3621,0.1574,0.7886,0,0,0,0,1,1,0,0,0,0,0,1
444,Rachel Smith,60,rachel.smith@outlook.com,65887.13,2018-02-04,28.1,4,13855.28,Lead,Medium,60s,0.000426,2018,2,0.4994,0.229,0.9396,0,0,1,0,0,0,0,1,0,0,0,1
445,Xander Smith,49,xander.smith@gmail.com,58186.34,2022-01-26,27.1,4,8348.16,Lead,Low,40s,0.000466,2022,1,0.4051,0.1373,0.906,0,0,0,0,1,0,1,0,0,0,1,0
446,Alice Jones,37,alice.jones@outlook.com,44156.41,2018-09-24,17.1,2,17358.22,Lead,Very Low,30s,0.000387,2018,9,0.2333,0.2873,0.5705,1,0,0,0,0,1,0,0,0,0,0,1
449,George Williams,39,george.williams@outlook.com,77801.23,2023-04-24,25.0,3,368.02,Lead,High,30s,0.000321,2023,4,0.6454,0.0044,0.8356,0,0,0,0,1,0,0,0,1,0,1,0
450,Hannah Johnson,45,hannah.johnson@gmail.com,69217.87,2018-09-24,24.1,1,5580.59,Lead,High,40s,0.000348,2018,9,0.5402,0.0912,0.8054,0,0,0,0,1,0,0,0,1,0,1,0
451,Uma Miller,36,uma.miller@outlook.com,73296.1,2024-12-30,13.9,4,2138.81,Senior,High,30s,0.00019,2024,12,0.5902,0.0339,0.4631,0,0,0,0,1,0,0,1,0,0,0,1
452,Tina Johnson,21,tina.johnson@gmail.com,63524.91,2020-04-03,7.7,4,6705.9,Senior,Medium,20s,0.000121,2020,4,0.4705,0.11,0.255,0,0,0,0,1,0,0,0,1,0,1,0
453,Tina Wilson,47,tina.wilson@outlook.com,55738.3,2019-08-20,18.1,3,15494.14,Lead,Low,40s,0.000325,2019,8,0.3751,0.2563,0.604,0,0,0,0,1,0,0,0,1,0,1,0
454,Alice Moore,47,alice.moore@gmail.com,41442.49,2020-04-04,20.0,4,25186.23,Lead,Very Low,40s,0.000483,2020,4,0.2,0.4177,0.6678,0,0,0,1,0,0,0,0,1,0,0,1
455,Oscar Taylor,31,oscar.taylor@outlook.com,41197.82,2023-07-25,19.2,4,2599.58,Lead,Very Low,30s,0.000466,2023,7,0.197,0.0416,0.6409,0,0,0,0,1,1,0,0,0,0,0,1
456,Tina Jones,43,tina.jones@outlook.com,50474.83,2018-05-03,13.2,4,4004.13,Senior,Very Low,40s,0.000262,2018,5,0.3107,0.065,0.4396,1,0,0,0,0,0,0,0,1,0,0,1
457,Yara Davis,39,yara.davis@yahoo.com,92699.4,2020-02-01,14.7,3,2260.62,Lead,Very High,30s,0.000159,2020,2,0.8278,0.036,0.4899,0,0,0,0,1,1,0,0,0,0,1,0
459,Evan Jackson,42,evan.jackson@yahoo.com,85961.22,2019-09-01,18.9,3,15980.22,Lead,Very High,40s,0.00022,2019,9,0.7453,0.2644,0.6309,0,0,0,0,1,0,1,0,0,0,0,1
461,Quinn Thomas,33,quinn.thomas@gmail.com,83092.3,2020-08-18,12.8,4,43118.93,Senior,Very High,30s,0.000154,2020,8,0.7102,0.7163,0.4262,1,0,0,0,0,0,1,0,0,0,0,1
462,Laura Brown,41,laura.brown@yahoo.com,54470.12,2022-08-03,9.5,4,13855.28,Senior,Low,40s,0.000174,2022,8,0.3596,0.229,0.3154,0,0,0,1,0,0,0,0,1,0,1,0
463,Oscar Jones,31,oscar.jones@gmail.com,43960.92,2018-10-20,14.7,2,36634.3,Lead,Very Low,30s,0.000334,2018,10,0.2309,0.6083,0.4899,0,0,0,0,1,0,0,0,0,1,0,1
464,Victor Davis,55,victor.davis@gmail.com,64907.01,2021-05-11,23.5,4,46056.33,Lead,Medium,50s,0.000362,2021,5,0.4874,0.7652,0.7852,0,0,0,0,1,0,0,0,0,1,1,0
465,Sam Jackson,25,sam.jackson@outlook.com,54606.42,2024-03-13,13.8,1,30330.39,Senior,Low,20s,0.000253,2024,3,0.3613,0.5033,0.4597,0,0,0,0,1,0,1,0,0,0,1,0
466,George Miller,46,george.miller@gmail.com,56593.28,2023-08-10,12.6,4,11023.87,Senior,Low,40s,0.000223,2023,8,0.3856,0.1819,0.4195,0,1,0,0,0,1,0,0,0,0,1,0
467,Yara Jackson,31,yara.jackson@yahoo.com,69184.91,2022-05-20,5.7,1,19555.84,Mid-Level,High,30s,8.2e-05,2022,5,0.5398,0.3239,0.1879,0,0,1,0,0,0,0,1,0,0,0,1
468,Oscar Anderson,60,oscar.anderson@gmail.com,46432.69,2021-08-03,19.8,1,3678.8,Lead,Very Low,60s,0.000426,2021,8,0.2612,0.0596,0.6611,1,0,0,0,0,0,1,0,0,0,0,1
470,Fiona Taylor,50,fiona.taylor@company.org,89350.95,2020-10-08,26.4,4,15823.91,Lead,Very High,50s,0.000295,2020,10,0.7868,0.2618,0.8826,1,0,0,0,0,1,0,0,0,0,1,0
471,Bob Thomas,32,bob.thomas@company.org,44452.96,2024-12-05,27.3,2,18051.52,Lead,Very Low,30s,0.000614,2024,12,0.2369,0.2989,0.9128,0,0,0,0,1,1,0,0,0,0,0,1
472,Diana Miller,39,diana.miller@gmail.com,69715.75,2024-03-14,2.3,1,2933.83,Mid-Level,High,30s,3.3e-05,2024,3,0.5463,0.0472,0.0738,0,0,0,0,1,0,1,0,0,0,1,0
473,Yara Davis,37,yara.davis@gmail.com,52944.88,2020-03-07,14.7,3,11179.31,Lead,Very Low,30s,0.000278,2020,3,0.3409,0.1845,0.4899,0,0,0,0,1,1,0,0,0,0,0,1
475,Rachel Thomas,49,rachel.thomas@outlook.com,73534.75,2022-12-16,24.3,4,6408.53,Lead,High,40s,0.00033,2022,12,0.5931,0.105,0.8121,1,0,0,0,0,0,0,0,1,0,1,0
476,Victor Harris,54,,48488.31,2022-03-15,0.5,1,8769.98,Junior,Very Low,50s,1e-05,2022,3,0.2863,0.1443,0.0134,0,0,0,0,1,0,0,1,0,0,0,1
477,Kevin White,30,kevin.white@yahoo.com,65511.25,2021-08-14,28.0,4,1400.14,Lead,Medium,30s,0.000427,2021,8,0.4948,0.0216,0.9362,0,0,0,0,1,0,0,1,0,0,0,1
478,Diana Jones,30,diana.jones@gmail.com,55672.73,2024-12-30,14.7,2,15531.09,Lead,Low,30s,0.000264,2024,12,0.3743,0.2569,0.4899,0,0,0,1,0,0,1,0,0,0,1,0
479,Yara Taylor,45,yara.taylor@gmail.com,69963.2,2019-06-29,22.9,4,15226.71,Lead,High,40s,0.000327,2019,6,0.5494,0.2518,0.7651,0,0,0,0,1,0,0,0,1,0,1,0
480,Victor Wilson,39,victor.wilson@gmail.com,77502.93,2019-05-24,12.9,2,7841.12,Senior,High,30s,0.000166,2019,5,0.6417,0.1289,0.4295,1,0,0,0,0,0,0,0,1,0,0,1
482,Nancy Anderson,44,nancy.anderson@yahoo.com,94198.14,2020-06-30,5.5,4,13855.28,Mid-Level,Very High,40s,5.8e-05,2020,6,0.8462,0.229,0.1812,0,0,0,0,1,0,1,0,0,0,1,0
483,Pam Johnson,39,pam.johnson@yahoo.com,61092.52,2023-03-29,5.9,4,1240.54,Mid-Level,Low,30s,9.7e-05,2023,3,0.4407,0.019,0.1946,0,1,0,0,0,0,1,0,0,0,1,0
484,Hannah Brown,55,hannah.brown@outlook.com,73374.9,2022-09-28,24.6,4,13855.28,Lead,High,50s,0.000335,2022,9,0.5911,0.229,0.8221,0,0,1,0,0,0,0,1,0,0,0,1
485,Mike Miller,38,mike.miller@gmail.com,73081.34,2022-03-17,4.1,4,4486.23,Mid-Level,High,30s,5.6e-05,2022,3,0.5875,0.073,0.1342,0,0,1,0,0,0,0,1,0,0,0,1
487,Sam Williams,38,sam.williams@gmail.com,53967.05,2022-03-10,1.0,3,21867.23,Junior,Very Low,30s,1.9e-05,2022,3,0.3534,0.3624,0.0302,0,0,0,0,1,0,0,0,1,0,1,0
488,Victor Smith,50,victor.smith@yahoo.com,64907.01,2019-01-14,17.6,1,31738.85,Lead,Medium,50s,0.000271,2019,1,0.4874,0.5268,0.5872,0,1,0,0,0,1,0,0,0,0,1,0
490,Ivan Thomas,38,,76701.17,2022-01-11,5.6,2,36907.42,Mid-Level,High,30s,7.3e-05,2022,1,0.6319,0.6128,0.1846,0,0,0,0,1,0,0,1,0,0,0,1
491,Fiona Moore,61,fiona.moore@yahoo.com,70899.77,2022-12-11,5.0,3,1866.98,Mid-Level,High,60s,7.1e-05,2022,12,0.5608,0.0294,0.1644,1,0,0,0,0,0,0,0,0,1,1,0
492,Diana Brown,39,,57087.96,2018-06-21,23.8,4,34981.77,Lead,Low,30s,0.000417,2018,6,0.3917,0.5808,0.7953,0,0,1,0,0,0,0,0,1,0,1,0
493,Yara Brown,41,yara.brown@company.org,75621.63,2022-03-31,26.2,1,13855.28,Lead,High,40s,0.000346,2022,3,0.6187,0.229,0.8758,0,0,0,0,1,0,1,0,0,0,1,0
494,Wendy Miller,47,wendy.miller@gmail.com,53210.16,2023-05-01,0.1,4,1834.47,Junior,Very Low,40s,2e-06,2023,5,0.3442,0.0289,0.0,0,0,0,0,1,0,1,0,0,0,0,1
495,Kevin Smith,24,kevin.smith@outlook.com,66307.8,2021-11-27,28.2,4,7291.96,Lead,Medium,20s,0.000425,2021,11,0.5046,0.1197,0.943,0,0,0,1,0,0,0,1,0,0,1,0
496,Wendy Harris,45,wendy.harris@gmail.com,48449.5,2021-05-19,13.4,1,18355.55,Senior,Very Low,40s,0.000277,2021,5,0.2859,0.3039,0.4463,0,0,0,0,1,0,0,0,1,0,1,0
497,Rachel Jones,16,rachel.jones@outlook.com,77544.86,2022-04-20,7.7,4,13741.85,Senior,High,10s,9.9e-05,2022,4,0.6422,0.2271,0.255,0,0,0,0,1,1,0,0,0,0,1,0
498,Victor Johnson,38,victor.johnson@company.org,66227.44,2022-04-13,6.7,1,9580.83,Senior,Medium,30s,0.000101,2022,4,0.5036,0.1578,0.2215,0,1,0,0,0,0,0,1,0,0,1,0
499,Diana Johnson,37,diana.johnson@yahoo.com,73526.62,2020-02-17,9.6,3,7267.64,Senior,High,30s,0.000131,2020,2,0.593,0.1193,0.3188,0,0,0,1,0,0,0,0,1,0,0,1
500,Zane Williams,43,,62375.6,2021-04-30,13.7,5,3811.7,Senior,Medium,40s,0.00022,2021,4,0.4564,0.0618,0.4564,0,0,0,0,1,1,0,0,0,0,1,0
