employee_id,name,age,gender,email,department,city,salary,hire_date,years_exp,performance,sales_amount
1,,42.0,female,uma.johnson@GMAIL.COM,Marketing,New York,,14/06/2020,0.8,2.0,26334.91
2,Wendy Moore,36.0,,,sales,Chicago,48321.8,29/09/2019,10.1,1.0,3391.93
3,Laura White,41.0,F,laura.white@outlook.com,HR,new york,88688.19,07/07/2018,29.6,2.0,415.99
4,Mike Brown,45.0,M,mike.brown@company.org,SALES,Los Angeles,56286.83,29/09/2020,8.1,,4052.23
5,Hannah Anderson,32.0,,,HR,LOS ANGELES,68629.43,05-12-2024,15.0,,11310.74
6,Ivan Williams,18.0,male,ivan.williams@GMAIL.COM,Engineering,Chicago,77246.68,2018-07-12,4.8,,3004.69
7,Charlie Miller,22.0,male,charlie.miller@gmail.com,Sales,Phoenix,51379.64,"April 17, 2021",0.1,,12178.69
8,Ivan Moore,23.0,female,ivan.moore@GMAIL.COM,Engineering,new york,55557.88,2023-12-13,14.7,1.0,14440.58
9,Zane Brown,43.0,Male,zane.brown@outlook.com,sales,Chicago,56834.26,01/03/2024,26.2,4.0,18706.66
10,Rachel Jackson,39.0,female,rachel.jackson@outlook.com,Marketing,Los Angeles,55996.19,28/03/2018,0.2,,2055.55
11,Hannah Johnson,47.0,Female,hannah.johnson@outlook.com,Engineering,  Chicago  ,55974.4,26/07/2022,19.8,3.0,2603.04
12,Oscar White,56.0,Male,,SALES,new york,56995.27,24/02/2020,4.2,2.0,48008.46
13,Hannah White,37.0,male,hannah.white@GMAIL.COM,Sales,Houston,77338.17,"May 25, 2020",4.9,1.0,7470.93
14,Ivan Harris,25.0,female,ivan.harris@GMAIL.COM,Marketing,Chicago,106674.7,2018-08-28,1.7,5.0,4087.77
15,Quinn Williams,49.0,Male,quinn.williams@yahoo.com,Finance,Houston,5.0,09-14-2022,6.1,,1853.11
16,Ivan Miller,39.0,,ivan.miller@gmail.com,Finance,Los Angeles,49863.72,22/12/2020,26.4,2.0,6331.21
17,Fiona Wilson,22.0,,fiona.wilson@gmail.com,Finance,Phoenix,58090.42,07-05-2019,3.2,5.0,6596.06
18,Julia Taylor,48.0,,julia.taylor@outlook.com,sales,New York,48041.72,2021-02-07,,2.0,32409.67
19,Ivan Williams,39.0,Male,ivan.williams@yahoo.com,sales,new york,54846.17,2019-06-07,27.0,1.0,110.75
20,George Anderson,44.0,,george.anderson@GMAIL.COM,Engineering,Chicago,73731.84,2022-08-16,27.7,4.0,26113.26
21,Xander Jackson,46.0,F,xander.jackson@outlook.com,sales,  Chicago  ,52411.74,21/07/2020,,2.0,39770.59
22,Ivan White,34.0,male,ivan.white@GMAIL.COM,Sales,Los Angeles,42377.7,07-06-2024,,5.0,1313.36
23,Xander Jackson,48.0,F,xander.jackson@yahoo.com,SALES,LOS ANGELES,,15/01/2024,2.1,,7449.77
24,Tina Davis,49.0,male,tina.davis@outlook.com,SALES,Phoenix,51526.88,02/04/2022,9.0,5.0,20297.79
25,Julia Brown,37.0,M,julia.brown@outlook.com,Finance,  Chicago  ,80052.99,2019-11-27,19.9,5.0,2547.45
26,Yara Jones,47.0,Male,,Marketing,Los Angeles,76933.93,15/06/2024,11.5,4.0,16477.75
27,,37.0,Male,uma.thomas@yahoo.com,SALES,  Chicago  ,88469.65,"May 13, 2019",13.9,5.0,14793.58
28,Tina Davis,34.0,female,tina.davis@outlook.com,Finance,  Chicago  ,64087.04,"April 29, 2023",7.4,,2283.35
29,Yara Moore,38.0,female,yara.moore@company.org,Finance,Los Angeles,60514.89,18/09/2019,12.2,5.0,7547.93
30,Bob Jones,47.0,female,,sales,LOS ANGELES,65285.0,"May 08, 2021",28.6,4.0,5734.78
31,Xander Moore,52.0,M,xander.moore@gmail.com,SALES,LOS ANGELES,57225.95,2019-06-07,17.8,,
32,Uma Miller,29.0,F,uma.miller@outlook.com,sales,LOS ANGELES,57473.64,09-23-2022,14.1,,53099.0
33,Laura Jones,43.0,,,Engineering,Houston,82372.8,04/09/2020,3.4,2.0,41030.39
34,Ivan Jackson,32.0,female,ivan.jackson@yahoo.com,Sales,New York,72699.01,"March 18, 2022",5.9,5.0,44616.27
35,Uma Jones,51.0,male,uma.jones@GMAIL.COM,HR,LOS ANGELES,67633.3,2021-10-29,24.7,1.0,45284.85
36,Laura Anderson,30.0,Female,laura.anderson@company.org,Finance,  Chicago  ,60085.07,08-23-2024,7.4,1.0,5173.73
37,Oscar Jones,50.0,M,,sales,new york,60620.71,11-24-2020,17.9,3.0,39426.9
38,Quinn Jones,38.0,,quinn.jones@outlook.com,Marketing,  Chicago  ,61481.19,"June 26, 2020",9.2,5.0,10805.47
39,Rachel Moore,34.0,M,rachel.moore@company.org,Engineering,Los Angeles,60662.95,04/01/2024,22.2,3.0,8238.17
40,Yara Moore,36.0,M,yara.moore@yahoo.com,SALES,Chicago,71060.76,03-16-2024,3.8,4.0,14629.06
41,Alice Taylor,28.0,Male,alice.taylor@outlook.com,Sales,LOS ANGELES,86059.38,08/08/2018,16.9,3.0,71355.96
42,Hannah Johnson,18.0,male,hannah.johnson@GMAIL.COM,Marketing,Phoenix,64602.29,2021-06-04,22.2,2.0,6704.99
43,Ivan Anderson,39.0,Female,,Marketing,  Chicago  ,58510.86,"March 04, 2021",7.0,3.0,13970.39
44,Uma Taylor,36.0,male,uma.taylor@yahoo.com,sales,Chicago,69523.21,06-13-2021,14.1,3.0,3130.62
45,Ivan Moore,41.0,F,ivan.moore@GMAIL.COM,Sales,Houston,64889.3,2024-06-14,20.2,3.0,5542.9
46,Yara Jackson,49.0,M,yara.jackson@GMAIL.COM,sales,  Chicago  ,76279.0,07-31-2022,3.1,2.0,5426.66
47,Wendy Wilson,29.0,male,,Sales,new york,85760.24,2022-07-14,16.3,4.0,
48,Quinn Davis,52.0,Male,quinn.davis@GMAIL.COM,HR,  Chicago  ,85884.89,29/04/2018,9.3,1.0,15347.7
49,Charlie Jones,28.0,Male,charlie.jones@yahoo.com,SALES,Phoenix,56505.53,"May 31, 2023",16.5,4.0,832.6
50,Tina Moore,55.0,,tina.moore@outlook.com,sales,Phoenix,78103.84,"May 07, 2021",13.4,4.0,334.54
51,Rachel Jackson,22.0,Female,rachel.jackson@yahoo.com,Engineering,LOS ANGELES,66028.44,"April 11, 2022",23.8,,20722.49
52,Pam Smith,43.0,Male,pam.smith@outlook.com,Marketing,New York,51279.64,2019-09-25,29.1,3.0,9779.17
53,Mike Anderson,30.0,male,mike.anderson@company.org,sales,  Chicago  ,5.0,08-19-2020,22.4,4.0,51723.81
54,Yara Anderson,34.0,M,yara.anderson@gmail.com,Sales,Phoenix,73341.83,"September 27, 2020",23.8,2.0,21575.25
55,Tina White,40.0,male,tina.white@outlook.com,Marketing,Phoenix,84607.14,03-21-2023,4.7,4.0,15085.59
56,Sam Brown,34.0,,sam.brown@outlook.com,Sales,Houston,61912.0,04-26-2021,,,45502.46
57,Alice Taylor,40.0,male,alice.taylor@company.org,Engineering,new york,76727.34,23/10/2020,27.1,,
58,Zane Wilson,25.0,M,zane.wilson@outlook.com,Engineering,new york,45193.15,11-05-2019,28.3,3.0,25889.31
59,Kevin Jackson,44.0,Female,kevin.jackson@outlook.com,sales,new york,83256.06,2020-12-19,20.2,,1757.83
60,Mike White,40.0,F,,Finance,new york,54284.73,"September 16, 2018",9.1,4.0,101.49
61,Bob Smith,39.0,male,bob.smith@outlook.com,SALES,LOS ANGELES,46747.18,2022-08-27,18.5,3.0,
62,Laura Jones,48.0,Male,laura.jones@company.org,SALES,new york,84876.58,"May 16, 2019",6.4,,5079.0
63,Alice Smith,28.0,male,alice.smith@GMAIL.COM,Engineering,Houston,76806.27,2024-09-07,29.5,2.0,7872.7
64,Zane Williams,45.0,M,zane.williams@yahoo.com,Sales,Chicago,84025.84,2022-09-21,14.3,3.0,37839.12
65,Diana Wilson,46.0,,diana.wilson@GMAIL.COM,SALES,New York,93451.89,"July 04, 2022",14.7,4.0,1967.14
66,Charlie Davis,,M,charlie.davis@GMAIL.COM,HR,LOS ANGELES,44451.93,"February 02, 2023",21.1,,5594.0
67,Yara Moore,30.0,Female,yara.moore@outlook.com,SALES,Los Angeles,63843.47,11-10-2020,20.6,4.0,44521.1
68,Charlie Johnson,41.0,Female,charlie.johnson@GMAIL.COM,Finance,new york,83140.73,2022-09-29,18.0,3.0,13968.71
69,Quinn Jones,43.0,M,quinn.jones@company.org,HR,Houston,61030.15,2024-12-21,19.7,,4344.3
70,Fiona Brown,65.0,Male,fiona.brown@yahoo.com,Marketing,Los Angeles,50554.77,2018-05-06,6.5,4.0,492.33
71,Fiona Davis,47.0,male,fiona.davis@gmail.com,sales,New York,48936.61,"October 03, 2022",12.4,2.0,56421.66
72,Diana Davis,42.0,F,diana.davis@,Marketing,New York,,19/05/2021,22.9,3.0,61551.25
73,Alice Wilson,35.0,female,alice.wilson@GMAIL.COM,sales,new york,75710.01,"June 23, 2018",,1.0,311.55
74,Sam Miller,36.0,Male,sam.miller@company.org,Finance,  Chicago  ,76105.11,"December 27, 2018",7.3,5.0,68016.84
75,Charlie Miller,29.0,,charlie.miller@GMAIL.COM,Finance,Houston,42277.29,28/08/2019,7.7,2.0,38094.53
76,Yara Jackson,28.0,F,yara.jackson@GMAIL.COM,Marketing,new york,57305.52,"September 11, 2019",13.3,3.0,16274.74
77,Sam Smith,39.0,Male,,sales,Phoenix,70779.76,"January 05, 2019",16.6,,16882.25
78,Oscar Harris,40.0,F,oscar.harris@gmail.com,sales,new york,52865.95,2019-12-08,13.1,4.0,92211.39
79,Tina Williams,38.0,,tina.williams@,SALES,new york,47855.45,05-03-2022,25.5,5.0,41972.17
80,Kevin Johnson,46.0,female,kevin.johnson@outlook.com,SALES,Los Angeles,80992.98,07/09/2021,24.9,,24245.75
81,Quinn Johnson,24.0,M,quinn.johnson@yahoo.com,sales,  Chicago  ,50932.62,2019-09-27,23.6,5.0,33147.49
82,Xander Harris,41.0,male,xander.harris@outlook.com,Engineering,Chicago,1000000.0,"August 30, 2020",22.6,4.0,48892.32
83,Hannah Brown,43.0,Female,hannah.brown@GMAIL.COM,Marketing,Phoenix,122790.97,11/09/2022,24.0,2.0,32019.0
84,Bob Anderson,51.0,female,bob.anderson@gmail.com,sales,Chicago,79823.04,"August 27, 2019",27.3,4.0,31772.39
85,Alice Miller,34.0,Male,alice.miller@gmail.com,Sales,new york,76384.54,"March 21, 2021",4.2,,9418.74
86,Tina Smith,,Female,tina.smith@GMAIL.COM,Finance,LOS ANGELES,67475.34,2021-05-18,,4.0,732.08
87,Tina Wilson,29.0,male,,Finance,Houston,99719.88,01-07-2018,12.5,,6752.61
88,Quinn Davis,19.0,male,quinn.davis@outlook.com,Sales,LOS ANGELES,58782.02,03-08-2018,10.3,,761.27
89,Diana Jackson,38.0,M,diana.jackson@yahoo.com,SALES,  Chicago  ,57921.02,17/01/2020,23.3,4.0,
90,George Smith,48.0,M,george.smith@GMAIL.COM,Sales,Houston,65964.2,07-15-2018,24.0,4.0,29392.96
91,Xander Wilson,27.0,F,xander.wilson@company.org,Finance,Phoenix,73243.65,"November 20, 2018",24.7,5.0,1784.22
92,Diana Johnson,25.0,female,diana.johnson@outlook.com,Sales,new york,65683.58,2018-08-23,12.2,5.0,15558.21
93,Victor Williams,31.0,,victor.williams@yahoo.com,sales,new york,85451.53,13/05/2018,28.5,3.0,74471.14
94,Charlie Taylor,46.0,M,charlie.taylor@,Engineering,  Chicago  ,34622.86,04-28-2019,21.1,2.0,31713.08
95,Julia Thomas,39.0,,,Engineering,  Chicago  ,58332.52,08-02-2021,16.5,3.0,1634.1
96,Fiona Thomas,21.0,M,fiona.thomas@gmail.com,sales,Chicago,72574.81,01-18-2022,29.5,2.0,10517.19
97,Charlie Johnson,46.0,male,charlie.johnson@outlook.com,Sales,Chicago,59986.29,"January 18, 2023",10.3,5.0,5760.12
98,Fiona Jackson,34.0,Male,fiona.jackson@GMAIL.COM,Engineering,Chicago,91481.81,11-18-2021,7.5,,21587.81
99,Ivan Williams,42.0,female,ivan.williams@GMAIL.COM,SALES,new york,70659.44,2018-04-27,,,18920.61
100,Ivan Anderson,54.0,Male,ivan.anderson@GMAIL.COM,HR,  Chicago  ,42209.45,07-22-2022,20.7,2.0,8800.28
101,Pam Wilson,33.0,female,pam.wilson@company.org,Engineering,new york,61439.12,"September 17, 2020",13.5,2.0,2059.14
102,Julia Miller,56.0,Female,julia.miller@GMAIL.COM,Engineering,Chicago,16380.99,08-05-2023,2.7,4.0,3803.89
103,Hannah Jones,,M,hannah.jones@outlook.com,Sales,Los Angeles,49634.19,"February 07, 2022",12.0,5.0,11377.98
104,Laura Moore,54.0,male,laura.moore@GMAIL.COM,Sales,Chicago,43547.88,10-20-2021,6.0,5.0,20162.29
105,Bob Smith,36.0,male,bob.smith@GMAIL.COM,Engineering,new york,58015.03,05-29-2022,15.2,5.0,19662.5
106,Wendy Taylor,49.0,female,wendy.taylor@outlook.com,sales,New York,65153.5,27/06/2024,17.5,2.0,21499.5
107,Xander Taylor,35.0,Female,,SALES,Los Angeles,65913.45,12/09/2022,6.1,5.0,17626.95
108,Pam White,39.0,male,pam.white@company.org,Marketing,LOS ANGELES,74931.96,12-24-2023,20.3,,9826.01
109,Zane Thomas,31.0,M,zane.thomas@yahoo.com,HR,Phoenix,96669.76,06-26-2023,16.8,,15776.29
110,Diana Taylor,36.0,,diana.taylor@yahoo.com,HR,Los Angeles,73824.76,"November 16, 2020",24.8,3.0,64981.84
111,Wendy Brown,33.0,Female,,Finance,Houston,68113.97,08-20-2022,3.0,2.0,
112,Rachel Harris,46.0,F,rachel.harris@yahoo.com,HR,new york,58032.05,02/01/2019,21.7,1.0,470.94
113,Fiona Miller,32.0,,fiona.miller@outlook.com,SALES,Phoenix,-3000.0,2024-10-04,10.1,4.0,2515.0
114,Rachel Moore,47.0,F,rachel.moore@gmail.com,SALES,  Chicago  ,86788.25,02-27-2018,17.0,2.0,41988.32
115,Uma Harris,46.0,F,uma.harris@yahoo.com,Marketing,new york,1000000.0,"August 22, 2020",28.6,3.0,6626.68
116,Sam Smith,43.0,female,sam.smith@company.org,SALES,Phoenix,54348.08,04-23-2021,6.6,2.0,32884.18
117,Oscar Thomas,37.0,F,oscar.thomas@yahoo.com,SALES,Los Angeles,66759.91,2022-01-21,3.4,5.0,9304.88
118,George Taylor,31.0,F,george.taylor@yahoo.com,Marketing,Los Angeles,82429.06,"August 16, 2018",12.5,5.0,
119,Oscar Anderson,53.0,,,Engineering,Los Angeles,58407.23,2018-09-19,2.1,4.0,
120,Nancy Williams,33.0,female,nancy.williams@company.org,Marketing,  Chicago  ,68924.35,2022-03-19,19.9,5.0,46568.91
121,Laura Johnson,51.0,female,laura.johnson@gmail.com,HR,  Chicago  ,65315.06,"December 19, 2023",7.4,3.0,7714.71
122,George Harris,200.0,male,george.harris@gmail.com,Sales,Los Angeles,77809.62,19/07/2018,12.1,2.0,217.94
123,Yara White,41.0,Female,yara.white@GMAIL.COM,Finance,new york,63047.85,06/11/2023,8.3,5.0,60158.99
124,Xander Harris,57.0,Male,xander.harris@outlook.com,HR,LOS ANGELES,80978.41,"January 24, 2020",6.8,,11900.29
125,Oscar Harris,27.0,male,oscar.harris@yahoo.com,HR,Los Angeles,46787.17,14/01/2019,11.3,5.0,22326.47
126,Charlie Jones,45.0,Female,charlie.jones@company.org,Sales,Houston,75005.84,"April 26, 2019",20.9,,31176.62
127,Hannah Moore,37.0,female,hannah.moore@company.org,Marketing,  Chicago  ,51541.18,04-08-2023,11.1,4.0,
128,Hannah Thomas,38.0,male,hannah.thomas@company.org,HR,Houston,54842.57,08-08-2023,24.6,,11651.11
129,Pam Wilson,34.0,female,pam.wilson@yahoo.com,Finance,New York,77057.2,2018-11-01,12.4,,2490.12
130,,42.0,male,wendy.williams@GMAIL.COM,SALES,  Chicago  ,,"December 20, 2023",,5.0,19258.11
131,,32.0,,rachel.brown@yahoo.com,Sales,Chicago,58500.45,10-30-2020,11.9,3.0,34503.72
132,Oscar Taylor,40.0,,oscar.taylor@gmail.com,Marketing,LOS ANGELES,57934.43,08/02/2018,25.4,,1773.08
133,Sam White,40.0,Female,sam.white@GMAIL.COM,Sales,Los Angeles,82315.32,2024-02-03,25.5,1.0,58843.29
134,Sam Williams,33.0,Male,sam.williams@GMAIL.COM,sales,LOS ANGELES,54223.34,22/04/2022,20.7,1.0,30024.85
135,Laura Smith,35.0,male,laura.smith@GMAIL.COM,sales,new york,,"January 24, 2021",10.7,4.0,16347.21
136,Victor Taylor,46.0,,victor.taylor@gmail.com,Engineering,LOS ANGELES,62600.92,05-15-2022,2.7,3.0,2357.6
137,Yara Brown,34.0,male,yara.brown@outlook.com,Sales,new york,64931.56,"August 21, 2021",,4.0,12647.09
138,Charlie Thomas,41.0,male,charlie.thomas@outlook.com,HR,Phoenix,52591.54,"November 16, 2019",9.0,1.0,27411.95
139,Hannah Thomas,42.0,Male,hannah.thomas@gmail.com,HR,LOS ANGELES,66333.1,"October 03, 2021",25.8,5.0,9395.93
140,Kevin Taylor,44.0,F,kevin.taylor@company.org,SALES,  Chicago  ,58981.69,"August 27, 2021",23.6,3.0,5061.64
141,Sam Jones,38.0,male,,SALES,  Chicago  ,79752.56,2021-04-08,23.9,4.0,99136.57
142,Evan Anderson,38.0,F,evan.anderson@gmail.com,Finance,  Chicago  ,53404.85,2022-09-10,10.8,5.0,69671.5
143,Charlie Johnson,60.0,female,charlie.johnson@GMAIL.COM,SALES,LOS ANGELES,71093.4,2022-10-30,,3.0,23798.02
144,Xander Moore,59.0,M,xander.moore@GMAIL.COM,Engineering,new york,53489.79,"April 25, 2021",2.6,,17556.52
145,Julia Davis,36.0,F,julia.davis@outlook.com,HR,New York,79644.64,2021-11-06,4.9,,19358.66
146,Fiona Moore,29.0,Female,fiona.moore@yahoo.com,SALES,LOS ANGELES,56009.11,"March 19, 2020",11.7,,12461.17
147,Ivan Jackson,48.0,,ivan.jackson@yahoo.com,Engineering,  Chicago  ,37848.03,06-28-2023,18.3,5.0,1618.45
148,Laura White,41.0,,laura.white@GMAIL.COM,SALES,Chicago,93142.56,25/04/2019,4.2,4.0,7407.59
149,Evan Taylor,43.0,female,evan.taylor@yahoo.com,Marketing,Phoenix,79557.86,2023-01-22,28.6,4.0,3549.47
150,Mike Moore,24.0,F,mike.moore@outlook.com,Sales,New York,92471.88,05-14-2018,8.7,4.0,53980.37
151,Yara Jackson,37.0,M,yara.jackson@company.org,sales,New York,60766.68,"June 14, 2020",24.9,2.0,33272.95
152,Bob Wilson,20.0,,bob.wilson@yahoo.com,SALES,new york,85308.09,20/10/2022,23.5,2.0,70074.17
153,Sam Davis,40.0,female,sam.davis@GMAIL.COM,sales,Los Angeles,69180.85,2022-08-13,26.0,2.0,12648.31
154,Evan Jones,22.0,,evan.jones@outlook.com,SALES,Phoenix,56009.37,2018-11-06,22.5,,1160.54
155,Laura Wilson,-5.0,female,laura.wilson@company.org,sales,LOS ANGELES,69535.22,"May 17, 2020",24.9,3.0,163448.91
156,Evan Taylor,38.0,,,Sales,  Chicago  ,,"October 10, 2019",29.8,4.0,29305.66
157,Wendy Harris,38.0,M,wendy.harris@company.org,HR,Chicago,60304.64,"August 17, 2020",21.1,1.0,2765.93
158,Charlie Williams,22.0,Male,charlie.williams@gmail.com,Marketing,Chicago,66804.43,2019-01-01,11.0,3.0,5192.07
159,Yara White,43.0,Female,,Finance,New York,80906.7,09/12/2021,4.5,4.0,8868.41
160,Oscar White,53.0,Male,oscar.white@outlook.com,Marketing,new york,69984.71,12/12/2018,18.0,5.0,14692.21
161,Wendy Smith,30.0,male,wendy.smith@yahoo.com,HR,New York,66722.92,"September 07, 2020",7.2,,38235.4
162,Quinn Harris,53.0,Female,quinn.harris@GMAIL.COM,Finance,Chicago,95911.22,2018-10-26,0.4,2.0,
163,Bob Jackson,55.0,,bob.jackson@outlook.com,Finance,Chicago,61265.54,26/09/2023,4.7,3.0,2877.76
164,Uma Jackson,47.0,female,uma.jackson@,Sales,LOS ANGELES,87335.68,08-14-2018,19.7,2.0,4789.63
165,Wendy Williams,46.0,male,wendy.williams@company.org,Engineering,Phoenix,80876.37,05-01-2018,8.2,1.0,9959.64
166,Sam Anderson,20.0,F,sam.anderson@yahoo.com,HR,Los Angeles,78290.95,18/04/2019,0.1,1.0,8562.05
167,Pam Davis,36.0,,,sales,LOS ANGELES,87535.36,08-03-2021,17.1,1.0,10101.6
168,Bob Williams,38.0,F,,Marketing,Phoenix,79723.21,"December 20, 2018",,2.0,59723.81
169,Zane Brown,41.0,F,zane.brown@yahoo.com,Finance,Houston,39449.26,08/04/2018,19.1,,12291.74
170,Kevin Smith,37.0,M,kevin.smith@GMAIL.COM,Marketing,  Chicago  ,64907.01,08-07-2019,27.6,5.0,7972.32
171,Laura Wilson,42.0,Female,laura.wilson@outlook.com,Finance,New York,45432.96,08-27-2020,9.5,4.0,1577.91
172,Xander Davis,44.0,Female,xander.davis@GMAIL.COM,Sales,Chicago,48481.22,05-10-2019,6.2,3.0,8482.79
173,Diana Johnson,42.0,female,diana.johnson@yahoo.com,HR,Chicago,64059.81,"December 28, 2021",20.3,3.0,22025.78
174,Fiona Smith,47.0,male,fiona.smith@outlook.com,sales,Chicago,58299.75,29/06/2020,12.0,,834.54
175,Uma Johnson,33.0,Male,uma.johnson@yahoo.com,Marketing,Chicago,57046.14,2021-09-20,,4.0,
176,Sam Miller,200.0,Female,sam.miller@yahoo.com,Marketing,Chicago,,11/12/2024,15.0,5.0,3896.24
177,Charlie Brown,23.0,,charlie.brown@GMAIL.COM,Marketing,new york,62127.01,11-10-2021,5.4,3.0,9059.62
178,Alice Harris,57.0,F,alice.harris@GMAIL.COM,Engineering,Los Angeles,65528.95,2023-12-26,28.4,5.0,802.11
179,Zane Miller,43.0,Female,zane.miller@company.org,SALES,new york,-3000.0,11/12/2021,5.6,4.0,1705.91
180,Fiona Wilson,,male,fiona.wilson@GMAIL.COM,HR,Houston,63315.08,12-28-2019,4.4,,32818.7
181,Yara Johnson,35.0,M,yara.johnson@outlook.com,HR,Phoenix,53953.82,"November 25, 2022",5.2,5.0,4697.98
182,Tina Jackson,43.0,F,tina.jackson@company.org,SALES,New York,60874.22,2022-05-23,9.5,5.0,19260.04
183,Sam Johnson,14.0,Female,sam.johnson@company.org,Sales,new york,55602.14,2020-10-19,23.6,,
184,Mike Wilson,16.0,F,mike.wilson@company.org,Sales,  Chicago  ,77771.03,12/07/2020,24.0,1.0,45115.34
185,Kevin Brown,28.0,F,kevin.brown@gmail.com,Sales,new york,111183.21,2023-06-01,19.6,5.0,2267.23
186,Fiona Smith,49.0,female,fiona.smith@GMAIL.COM,HR,Phoenix,-3000.0,"March 01, 2024",10.8,4.0,5553.86
187,Victor Anderson,0.0,female,victor.anderson@gmail.com,Sales,Phoenix,53654.74,2020-12-21,11.6,3.0,405.51
188,Laura Williams,23.0,Female,laura.williams@GMAIL.COM,sales,Los Angeles,49081.06,"January 27, 2024",17.7,5.0,7934.98
189,Mike White,31.0,F,mike.white@yahoo.com,Sales,LOS ANGELES,90307.12,19/08/2023,22.7,2.0,31134.18
190,Fiona Jones,46.0,female,fiona.jones@yahoo.com,HR,new york,51890.39,2018-10-02,11.9,3.0,15405.17
191,Quinn Wilson,,female,quinn.wilson@GMAIL.COM,Sales,LOS ANGELES,64950.56,2024-07-14,16.9,1.0,17678.46
192,Rachel Harris,33.0,F,rachel.harris@,HR,LOS ANGELES,88730.57,2022-07-04,26.4,,2729.69
193,Xander Wilson,150.0,M,xander.wilson@outlook.com,SALES,Los Angeles,44258.0,"May 15, 2021",9.6,,20764.49
194,Uma Johnson,18.0,female,uma.johnson@GMAIL.COM,sales,New York,79119.27,"June 28, 2021",25.5,5.0,
195,George Harris,38.0,F,,HR,Houston,66910.48,"August 31, 2023",3.7,1.0,5415.89
196,Pam Taylor,31.0,male,pam.taylor@yahoo.com,HR,Los Angeles,57693.12,30/10/2019,19.4,,4129.83
197,Uma Miller,29.0,female,,Engineering,Chicago,1000000.0,10-27-2024,21.3,3.0,45415.03
198,Mike White,38.0,female,mike.white@GMAIL.COM,Sales,New York,52535.75,03-13-2022,3.2,1.0,10566.11
199,Ivan Anderson,41.0,female,ivan.anderson@yahoo.com,Engineering,New York,63726.37,"September 23, 2024",20.4,,
200,Pam Brown,40.0,Male,pam.brown@GMAIL.COM,HR,Houston,69103.66,05-03-2023,25.4,,5965.5
201,Fiona Brown,43.0,,fiona.brown@yahoo.com,HR,Los Angeles,50336.67,"June 11, 2021",9.9,3.0,53007.7
202,Oscar White,,female,oscar.white@GMAIL.COM,Engineering,Los Angeles,95649.81,"May 07, 2021",25.6,2.0,6569.5
203,Kevin Miller,54.0,Female,kevin.miller@yahoo.com,Marketing,new york,55060.64,2018-08-26,6.3,2.0,7821.76
204,Fiona Wilson,43.0,F,fiona.wilson@outlook.com,Marketing,LOS ANGELES,,27/12/2023,28.5,3.0,11082.89
205,,,female,quinn.jones@company.org,Sales,LOS ANGELES,40586.86,2018-09-25,8.7,,2439.67
206,Quinn Davis,38.0,F,quinn.davis@yahoo.com,sales,LOS ANGELES,,07/07/2020,0.7,5.0,18863.99
207,Laura Thomas,,female,laura.thomas@GMAIL.COM,Finance,New York,74578.89,2018-03-22,12.5,4.0,3353.3
208,Ivan Wilson,21.0,Male,ivan.wilson@gmail.com,HR,Chicago,106756.66,2023-09-27,23.5,4.0,1064.29
209,George Jackson,21.0,female,george.jackson@,Marketing,Houston,52093.8,2020-08-18,,1.0,1309.45
210,Sam Anderson,34.0,Male,sam.anderson@gmail.com,SALES,Houston,55970.47,"December 17, 2020",24.4,1.0,22882.83
211,Laura Jackson,45.0,,laura.jackson@,Engineering,Chicago,72947.06,12-21-2024,2.8,3.0,12757.13
212,Mike Miller,52.0,,mike.miller@outlook.com,sales,Chicago,38446.35,29/08/2018,27.3,4.0,53051.12
213,Victor Wilson,27.0,Male,victor.wilson@yahoo.com,Marketing,Los Angeles,70567.19,09-17-2018,0.4,,55722.55
214,Xander Taylor,31.0,,xander.taylor@GMAIL.COM,Finance,Los Angeles,72320.66,05-28-2023,19.2,2.0,36881.54
215,Rachel Harris,,female,rachel.harris@GMAIL.COM,sales,  Chicago  ,88702.01,07-07-2023,29.1,1.0,3011.16
216,Rachel Anderson,32.0,F,rachel.anderson@outlook.com,Marketing,  Chicago  ,73824.93,2018-03-14,1.1,5.0,
217,Charlie Jackson,34.0,male,charlie.jackson@outlook.com,HR,New York,60214.14,"September 21, 2021",10.9,4.0,33702.07
218,Yara Anderson,40.0,,yara.anderson@GMAIL.COM,Sales,New York,96131.01,2022-08-04,5.9,1.0,8889.23
219,Mike Jones,35.0,Male,mike.jones@gmail.com,sales,Los Angeles,79214.25,10/08/2024,0.1,,
220,Nancy White,35.0,Female,nancy.white@yahoo.com,Engineering,Los Angeles,84515.79,"August 11, 2021",18.3,,9462.39
221,Ivan Miller,19.0,Female,ivan.miller@GMAIL.COM,SALES,Phoenix,59727.3,09/07/2021,18.7,3.0,27535.55
222,Victor Williams,22.0,male,victor.williams@company.org,sales,new york,65240.8,09-06-2022,12.7,1.0,45966.8
223,Alice Miller,46.0,,alice.miller@company.org,Engineering,New York,31832.97,2024-01-26,13.6,5.0,47389.91
224,Xander Moore,29.0,Female,xander.moore@company.org,Sales,LOS ANGELES,69304.12,2021-07-04,,3.0,56212.33
225,Yara White,23.0,female,yara.white@company.org,Finance,Houston,82156.31,"April 19, 2021",20.5,2.0,2999.54
226,Xander Moore,,M,xander.moore@yahoo.com,sales,Phoenix,,26/03/2023,,3.0,31600.03
227,Yara Harris,44.0,,yara.harris@company.org,SALES,new york,99060.39,2023-11-03,4.8,5.0,44866.07
228,Charlie Davis,33.0,M,charlie.davis@GMAIL.COM,Finance,New York,71057.31,11/09/2020,20.5,3.0,7471.25
229,Zane Johnson,46.0,male,zane.johnson@company.org,Finance,  Chicago  ,52158.74,02-28-2020,28.4,2.0,682.15
230,Yara Moore,53.0,female,yara.moore@outlook.com,Engineering,LOS ANGELES,71030.52,2019-09-22,10.0,1.0,41873.35
231,Fiona Jackson,48.0,M,fiona.jackson@outlook.com,Marketing,new york,,2019-04-30,18.6,,2344.88
232,Wendy White,32.0,,wendy.white@GMAIL.COM,sales,  Chicago  ,84304.62,"May 07, 2018",6.6,,3248.44
233,Zane White,33.0,female,zane.white@company.org,Sales,Chicago,-3000.0,2022-06-03,22.4,,25461.92
234,Nancy Harris,28.0,Female,nancy.harris@company.org,Engineering,New York,85788.55,"February 27, 2024",2.2,,15649.38
235,Diana Jones,48.0,Female,diana.jones@yahoo.com,Finance,Los Angeles,53393.16,01-20-2023,9.2,5.0,4008.03
236,Sam Davis,25.0,M,sam.davis@yahoo.com,SALES,LOS ANGELES,67558.91,"September 20, 2021",10.8,3.0,10244.91
237,Diana Williams,46.0,,diana.williams@GMAIL.COM,SALES,Los Angeles,74815.48,2023-09-09,17.4,5.0,3329.39
238,Bob Moore,37.0,female,bob.moore@company.org,sales,Phoenix,67707.96,"January 06, 2019",0.3,2.0,18906.89
239,Zane Taylor,64.0,Female,zane.taylor@GMAIL.COM,Engineering,  Chicago  ,1000000.0,2020-08-07,7.0,,23857.41
240,Zane Davis,45.0,Male,zane.davis@company.org,Finance,Phoenix,68252.92,08/02/2024,11.4,5.0,3310.21
241,Charlie Moore,42.0,F,charlie.moore@company.org,Marketing,New York,93230.37,10/11/2019,19.3,2.0,11037.49
242,Fiona Davis,51.0,F,fiona.davis@gmail.com,Marketing,  Chicago  ,67758.25,2022-08-11,3.8,5.0,51957.52
243,Uma Moore,39.0,M,uma.moore@GMAIL.COM,Finance,New York,50155.93,2021-03-07,18.2,4.0,83783.48
244,Fiona Jones,36.0,,fiona.jones@GMAIL.COM,HR,Chicago,103080.37,2023-02-01,11.6,1.0,
245,Quinn White,43.0,male,quinn.white@outlook.com,Finance,New York,56178.7,2019-04-27,3.9,5.0,8165.3
246,Alice Harris,36.0,F,alice.harris@gmail.com,Marketing,Houston,49818.43,04-11-2022,22.2,,15417.66
247,Nancy Williams,21.0,Male,nancy.williams@GMAIL.COM,Engineering,New York,61551.81,2024-06-25,11.3,2.0,8522.13
248,Kevin Miller,44.0,M,kevin.miller@GMAIL.COM,HR,Phoenix,59963.23,"April 14, 2020",16.7,2.0,5087.65
249,Rachel Wilson,54.0,female,rachel.wilson@yahoo.com,SALES,Los Angeles,48118.71,2019-10-25,12.0,3.0,3881.09
250,Tina Thomas,,F,tina.thomas@gmail.com,sales,Chicago,62764.45,2018-12-28,11.1,5.0,
251,Mike Harris,11.0,female,mike.harris@gmail.com,sales,Chicago,64185.58,04-06-2020,23.5,5.0,49265.85
252,Hannah Taylor,,Female,hannah.taylor@yahoo.com,HR,LOS ANGELES,81206.9,28/07/2024,22.1,1.0,20007.82
253,Rachel Brown,19.0,M,rachel.brown@company.org,Engineering,  Chicago  ,60966.67,05/12/2020,3.2,1.0,1784.27
254,Kevin Johnson,26.0,,kevin.johnson@company.org,Marketing,  Chicago  ,65010.49,"February 23, 2023",25.9,4.0,18096.39
255,Charlie Miller,39.0,Female,charlie.miller@outlook.com,Finance,New York,65208.94,2021-03-22,22.5,3.0,4712.06
256,Fiona Wilson,37.0,Female,fiona.wilson@yahoo.com,Engineering,Houston,63277.34,26/04/2020,7.5,5.0,4231.41
257,Yara Johnson,39.0,F,yara.johnson@GMAIL.COM,sales,  Chicago  ,64508.7,06-11-2024,29.5,5.0,16640.88
258,Hannah Jackson,,,hannah.jackson@,HR,LOS ANGELES,56848.63,2023-02-16,13.8,,
259,Victor Jones,51.0,,victor.jones@GMAIL.COM,HR,  Chicago  ,25109.73,"January 24, 2020",12.6,3.0,11623.63
260,Mike Brown,50.0,female,mike.brown@gmail.com,sales,Houston,33899.15,14/03/2020,22.2,4.0,3374.06
261,Fiona Miller,40.0,male,fiona.miller@company.org,HR,Phoenix,61177.68,2022-06-20,1.8,3.0,58418.23
262,Uma Johnson,23.0,male,uma.johnson@company.org,Marketing,Los Angeles,53332.75,16/10/2024,19.5,5.0,20656.47
263,Yara Brown,34.0,female,yara.brown@gmail.com,HR,  Chicago  ,63956.15,11-18-2019,18.4,4.0,3395.67
264,Charlie Johnson,47.0,M,charlie.johnson@GMAIL.COM,HR,  Chicago  ,84073.33,"August 01, 2024",5.5,1.0,549.4
265,Hannah Anderson,30.0,Female,hannah.anderson@gmail.com,Marketing,New York,,2022-06-15,18.5,1.0,22288.29
266,Mike Brown,30.0,Female,mike.brown@,SALES,new york,57132.2,"May 05, 2023",16.2,3.0,21153.98
267,Evan Thomas,42.0,female,evan.thomas@GMAIL.COM,SALES,Phoenix,59739.78,2020-07-19,11.0,3.0,5572.39
268,Alice Smith,35.0,M,alice.smith@gmail.com,Marketing,  Chicago  ,75664.4,14/04/2021,16.4,2.0,35465.02
269,Rachel Miller,42.0,F,rachel.miller@yahoo.com,Marketing,Houston,89695.96,11-16-2024,22.3,3.0,4587.87
270,Charlie Williams,27.0,F,charlie.williams@GMAIL.COM,HR,New York,73896.52,01/04/2018,8.5,2.0,261.74
271,Xander Smith,34.0,M,xander.smith@outlook.com,Marketing,New York,39953.31,2019-08-22,11.8,5.0,44637.26
272,George Harris,55.0,Male,george.harris@yahoo.com,Marketing,Houston,1000000.0,20/01/2019,20.4,3.0,6006.53
273,Fiona Anderson,48.0,Male,fiona.anderson@company.org,Sales,Houston,84736.5,11-14-2022,,3.0,6241.23
274,Mike Jackson,20.0,female,mike.jackson@GMAIL.COM,sales,Los Angeles,45793.56,12-08-2024,29.9,,16061.35
275,Laura Anderson,55.0,F,laura.anderson@GMAIL.COM,sales,new york,38697.96,2020-03-01,10.7,2.0,59305.34
276,Bob Wilson,32.0,F,bob.wilson@yahoo.com,HR,  Chicago  ,56826.21,21/03/2024,4.7,3.0,40570.1
277,Rachel Davis,41.0,female,rachel.davis@gmail.com,HR,Houston,79577.34,"January 17, 2024",20.5,5.0,32174.29
278,Julia Davis,37.0,female,,sales,Chicago,5.0,12/06/2023,17.1,4.0,6258.01
279,Quinn Taylor,37.0,male,quinn.taylor@gmail.com,Engineering,  Chicago  ,97328.59,2023-04-02,22.3,4.0,5965.09
280,Zane Thomas,44.0,female,,HR,Los Angeles,67562.98,2019-02-02,15.9,2.0,83212.48
281,Victor Jones,36.0,male,victor.jones@gmail.com,Finance,new york,45673.29,2022-10-16,5.4,4.0,6357.53
282,Victor Williams,39.0,M,victor.williams@company.org,Marketing,LOS ANGELES,67937.68,12/09/2020,16.5,,6405.63
283,Oscar Wilson,,Male,oscar.wilson@,Engineering,Phoenix,,27/06/2020,0.7,,16156.71
284,Rachel Moore,28.0,Male,rachel.moore@yahoo.com,HR,Houston,80437.33,"January 12, 2019",6.5,1.0,4624.05
285,Zane Wilson,42.0,male,zane.wilson@gmail.com,HR,New York,89308.0,2018-11-18,10.0,4.0,21874.68
286,Diana White,53.0,Male,diana.white@,Finance,New York,37386.89,31/08/2021,20.2,4.0,14634.34
287,Yara Taylor,25.0,,yara.taylor@yahoo.com,Marketing,New York,59779.8,"June 21, 2022",3.9,2.0,18484.04
288,George Wilson,39.0,female,george.wilson@yahoo.com,sales,LOS ANGELES,55827.23,2019-01-02,12.7,3.0,6813.04
289,Laura Taylor,23.0,M,laura.taylor@outlook.com,Marketing,New York,85119.68,12/03/2022,25.6,1.0,7051.43
290,Hannah Taylor,29.0,Male,hannah.taylor@gmail.com,Marketing,New York,50759.02,17/05/2020,22.5,5.0,21793.32
291,Xander Williams,64.0,female,xander.williams@company.org,HR,Houston,66429.81,"August 06, 2018",0.3,4.0,4839.91
292,Victor White,39.0,M,victor.white@outlook.com,Marketing,Los Angeles,56365.43,2024-09-11,15.0,4.0,13718.12
293,Wendy Smith,39.0,F,wendy.smith@,SALES,new york,39656.64,08-16-2023,18.8,4.0,29473.0
294,Alice Moore,47.0,F,alice.moore@gmail.com,Finance,Houston,64475.17,10-13-2022,9.9,5.0,23320.85
295,Uma Williams,55.0,Female,uma.williams@GMAIL.COM,Marketing,Chicago,41630.72,10-10-2019,16.0,,34196.47
296,Kevin White,33.0,F,kevin.white@company.org,sales,Phoenix,74486.12,23/06/2019,,5.0,6353.07
297,Tina Taylor,47.0,Male,tina.taylor@outlook.com,sales,  Chicago  ,38557.0,"May 07, 2022",4.9,2.0,
298,Yara Smith,49.0,female,yara.smith@yahoo.com,Marketing,  Chicago  ,45209.78,"October 07, 2020",1.3,,15613.4
299,Xander Davis,35.0,male,xander.davis@gmail.com,Marketing,  Chicago  ,5.0,"October 26, 2023",1.2,4.0,32855.88
300,Uma Smith,44.0,,uma.smith@outlook.com,HR,New York,84294.03,"March 14, 2023",15.0,2.0,37835.44
301,Wendy Moore,48.0,Female,wendy.moore@yahoo.com,Sales,Phoenix,63947.51,2019-11-03,21.2,,5000.26
302,Quinn Thomas,21.0,Female,quinn.thomas@,Engineering,new york,77277.27,07/09/2019,5.4,,
303,Julia Brown,39.0,Female,julia.brown@yahoo.com,Sales,Phoenix,,"August 01, 2023",0.2,4.0,690.71
304,Sam Anderson,27.0,male,,Finance,Phoenix,80797.29,2020-04-30,1.7,3.0,
305,Bob Anderson,37.0,Male,,Marketing,Chicago,75222.51,02/09/2024,22.5,3.0,39616.21
306,Charlie Jackson,33.0,Male,charlie.jackson@GMAIL.COM,Marketing,Chicago,78297.76,"September 10, 2021",20.9,5.0,
307,Sam Thomas,23.0,female,sam.thomas@company.org,sales,new york,72515.5,12-27-2024,18.4,4.0,2569.56
308,Uma Wilson,40.0,female,uma.wilson@,Sales,  Chicago  ,57818.77,"April 29, 2020",10.0,5.0,8306.52
309,George Smith,35.0,Male,george.smith@GMAIL.COM,sales,New York,67024.77,2022-06-11,5.8,3.0,7575.21
310,Pam Harris,,Female,pam.harris@outlook.com,Finance,new york,86704.67,08-18-2018,20.3,5.0,7676.59
311,George Taylor,39.0,M,,Engineering,Phoenix,78016.48,17/03/2022,11.7,5.0,19135.13
312,Zane Jackson,40.0,M,zane.jackson@outlook.com,HR,  Chicago  ,66234.26,11-21-2023,11.2,1.0,55959.84
313,Charlie Wilson,48.0,Female,charlie.wilson@outlook.com,Finance,Phoenix,83347.56,07/02/2019,1.1,4.0,10280.98
314,,31.0,male,quinn.johnson@company.org,Sales,Los Angeles,99483.47,2021-07-03,9.4,2.0,41378.28
315,George Brown,34.0,Male,george.brown@yahoo.com,Sales,Los Angeles,39772.7,07-28-2021,21.1,3.0,26756.36
316,Fiona Johnson,20.0,Male,fiona.johnson@outlook.com,Sales,Los Angeles,58697.2,25/05/2022,26.7,,8758.39
317,Wendy Wilson,35.0,female,wendy.wilson@GMAIL.COM,sales,  Chicago  ,49908.26,2023-04-03,20.5,,5321.22
318,Pam Jones,27.0,M,pam.jones@outlook.com,SALES,new york,64479.73,"January 31, 2023",,4.0,9700.77
319,Pam Wilson,40.0,male,pam.wilson@gmail.com,SALES,Los Angeles,48941.33,"May 22, 2021",12.4,5.0,59899.13
320,Fiona Wilson,44.0,male,fiona.wilson@outlook.com,HR,Houston,79764.84,"June 09, 2024",17.9,3.0,57911.23
321,Oscar Williams,35.0,female,oscar.williams@outlook.com,SALES,New York,99645.84,2024-07-06,19.8,4.0,3655.25
322,Mike Taylor,31.0,M,mike.taylor@company.org,Marketing,new york,67496.78,"November 09, 2024",25.6,1.0,18716.44
323,,42.0,Male,rachel.smith@gmail.com,SALES,LOS ANGELES,41450.59,"July 22, 2022",6.3,2.0,3884.52
324,George Moore,38.0,Female,george.moore@yahoo.com,Sales,New York,55652.89,24/11/2022,19.3,4.0,30244.82
325,Zane Thomas,32.0,male,zane.thomas@outlook.com,Engineering,Chicago,1000000.0,08-27-2020,16.4,3.0,
326,Bob Taylor,36.0,female,bob.taylor@GMAIL.COM,sales,Phoenix,59399.01,2024-11-03,18.9,,28396.07
327,Charlie Anderson,26.0,Male,charlie.anderson@GMAIL.COM,Marketing,  Chicago  ,52514.67,"September 19, 2021",29.3,3.0,33838.26
328,Bob Thomas,42.0,male,bob.thomas@outlook.com,Finance,New York,54421.84,04-22-2018,3.8,1.0,15399.46
329,Ivan Brown,30.0,Male,ivan.brown@GMAIL.COM,Finance,Chicago,88212.58,12-20-2019,7.1,2.0,1918.92
330,Bob Davis,55.0,,bob.davis@outlook.com,Marketing,LOS ANGELES,59561.97,17/11/2019,25.3,1.0,2774.09
331,Yara White,43.0,M,yara.white@GMAIL.COM,SALES,LOS ANGELES,69287.98,2022-11-16,23.9,4.0,21298.25
332,Quinn Anderson,41.0,M,quinn.anderson@outlook.com,SALES,Phoenix,52241.65,02-07-2019,11.7,,10500.29
333,Xander Anderson,39.0,female,xander.anderson@company.org,SALES,New York,5.0,2023-11-22,10.5,,25705.11
334,,30.0,female,george.smith@yahoo.com,SALES,Los Angeles,52386.37,12/10/2024,22.9,,4973.93
335,Fiona Harris,37.0,female,fiona.harris@outlook.com,HR,LOS ANGELES,57235.83,08-17-2021,2.2,1.0,38103.97
336,Kevin Smith,40.0,Male,kevin.smith@yahoo.com,Engineering,  Chicago  ,12787.87,02/11/2022,3.2,4.0,17949.76
337,Diana Smith,29.0,F,,Marketing,Chicago,5.0,05-19-2022,9.9,4.0,22665.08
338,Quinn Thomas,48.0,,quinn.thomas@gmail.com,Sales,LOS ANGELES,40409.06,2023-05-29,28.1,3.0,42178.23
339,Julia Miller,42.0,M,julia.miller@company.org,Marketing,Phoenix,73859.82,"June 11, 2018",9.0,4.0,38020.11
340,Uma Thomas,49.0,female,uma.thomas@gmail.com,SALES,Houston,71084.26,01-24-2024,28.9,4.0,36281.74
341,Alice Smith,45.0,F,alice.smith@GMAIL.COM,SALES,Chicago,81000.12,2018-10-23,14.7,1.0,19278.73
342,Tina Smith,-5.0,M,tina.smith@gmail.com,Engineering,Los Angeles,55262.13,30/07/2023,6.1,3.0,42550.93
343,Xander Anderson,42.0,male,xander.anderson@yahoo.com,Finance,Chicago,62493.23,"August 02, 2019",11.1,2.0,8162.94
344,Sam Smith,39.0,F,sam.smith@gmail.com,Sales,New York,,01-01-2019,24.2,4.0,27213.18
345,George Williams,41.0,Female,george.williams@gmail.com,SALES,  Chicago  ,59099.92,05-18-2021,16.7,2.0,35691.81
346,Quinn Johnson,35.0,male,quinn.johnson@yahoo.com,Engineering,Los Angeles,65051.22,"April 28, 2023",20.1,1.0,
347,Laura Brown,46.0,,laura.brown@gmail.com,Finance,Chicago,-3000.0,2019-04-21,21.6,5.0,79463.27
348,Nancy Jones,24.0,Male,nancy.jones@gmail.com,Marketing,Houston,76193.8,"April 14, 2023",13.1,2.0,20102.75
349,Oscar Williams,52.0,female,oscar.williams@company.org,Engineering,New York,68204.46,2019-07-14,13.8,2.0,2262.94
350,Hannah Harris,40.0,male,hannah.harris@GMAIL.COM,sales,Houston,88661.8,27/06/2023,25.1,3.0,
351,Nancy Thomas,37.0,Female,nancy.thomas@GMAIL.COM,Finance,New York,1000000.0,2023-08-28,11.8,,20027.27
352,Oscar Wilson,200.0,Female,oscar.wilson@company.org,Sales,New York,71127.69,2023-02-25,13.9,2.0,1404.95
353,Mike Williams,48.0,female,,SALES,Los Angeles,49602.27,2023-12-15,22.6,,1394.52
354,Rachel Taylor,19.0,M,rachel.taylor@gmail.com,SALES,new york,79475.22,"February 06, 2022",11.0,2.0,19399.92
355,Wendy Johnson,32.0,M,wendy.johnson@gmail.com,SALES,Houston,70658.18,08-05-2021,15.1,4.0,28398.11
356,Charlie Davis,36.0,Male,charlie.davis@GMAIL.COM,Finance,Phoenix,34471.4,26/09/2018,13.7,1.0,29428.98
357,Fiona Brown,32.0,Male,fiona.brown@outlook.com,Engineering,New York,93217.36,27/01/2024,12.6,,6393.82
358,Julia Jones,25.0,male,julia.jones@outlook.com,SALES,new york,62333.9,"December 12, 2023",17.0,3.0,31676.33
359,Ivan Jones,27.0,Male,ivan.jones@company.org,Engineering,Chicago,75625.35,20/12/2019,3.5,3.0,1719.46
360,Oscar Brown,49.0,female,oscar.brown@company.org,Marketing,Chicago,84658.16,"April 13, 2018",23.1,4.0,6383.72
361,Evan Smith,44.0,female,evan.smith@outlook.com,sales,Chicago,63512.36,12-16-2022,21.9,1.0,10885.14
362,Rachel Johnson,25.0,F,rachel.johnson@,SALES,Houston,89902.05,12/02/2021,,5.0,6410.03
363,Victor Anderson,37.0,F,victor.anderson@GMAIL.COM,Sales,new york,68650.09,10-18-2022,0.4,3.0,44905.05
364,Oscar White,30.0,female,oscar.white@outlook.com,sales,LOS ANGELES,54963.18,2024-08-02,9.1,5.0,632.58
365,Charlie Harris,25.0,F,charlie.harris@company.org,Finance,  Chicago  ,86656.47,15/07/2019,11.5,5.0,39954.76
366,Julia White,43.0,Female,,Sales,Chicago,64566.13,2023-04-20,26.8,4.0,4104.24
367,Wendy Anderson,41.0,Male,wendy.anderson@company.org,Finance,LOS ANGELES,71851.3,2023-05-04,22.0,1.0,29473.84
368,Fiona Taylor,42.0,Female,fiona.taylor@gmail.com,Marketing,new york,74112.71,11/11/2018,5.5,1.0,19681.78
369,Fiona Moore,39.0,,fiona.moore@company.org,Finance,new york,-3000.0,02-26-2021,12.4,2.0,31845.45
370,Evan Moore,27.0,male,evan.moore@GMAIL.COM,SALES,Los Angeles,64253.5,23/04/2019,14.4,3.0,2674.87
371,Evan White,31.0,M,evan.white@,sales,Los Angeles,92014.11,07/08/2019,6.3,1.0,4475.99
372,Yara Jackson,,F,yara.jackson@gmail.com,Sales,New York,53887.51,2018-06-27,0.3,1.0,17444.11
373,Tina Jones,37.0,Male,tina.jones@company.org,HR,new york,77609.65,15/11/2024,2.1,5.0,7431.77
374,Quinn Jones,31.0,,quinn.jones@gmail.com,Finance,  Chicago  ,60846.52,2022-12-06,10.6,4.0,1504.1
375,Quinn Jones,37.0,F,quinn.jones@yahoo.com,HR,Phoenix,1000000.0,2023-07-16,13.7,,18326.84
376,Oscar Jones,13.0,Female,oscar.jones@outlook.com,HR,Chicago,,2023-07-07,15.7,,6896.69
377,Evan Miller,45.0,Female,,Engineering,new york,71381.86,2022-07-14,12.7,4.0,30269.01
378,Wendy Jackson,37.0,female,wendy.jackson@company.org,Finance,LOS ANGELES,56434.93,"August 27, 2019",7.5,4.0,2217.07
379,Evan Smith,,Male,evan.smith@gmail.com,Marketing,new york,64945.96,2019-01-30,15.6,4.0,19254.85
380,George Brown,26.0,M,george.brown@GMAIL.COM,sales,New York,72873.33,"May 03, 2019",25.6,4.0,196.38
381,Bob Williams,55.0,female,bob.williams@outlook.com,SALES,LOS ANGELES,68125.74,"July 03, 2023",25.6,5.0,
382,Ivan Wilson,17.0,,ivan.wilson@company.org,Finance,New York,61292.34,2024-07-19,18.8,4.0,675.34
383,Laura Davis,,Female,laura.davis@company.org,SALES,Los Angeles,54770.24,2019-11-27,1.1,,1636.75
384,Sam Moore,27.0,male,,HR,LOS ANGELES,60783.5,"February 05, 2019",20.3,3.0,16765.35
385,Zane Jackson,47.0,F,zane.jackson@gmail.com,Finance,Houston,-3000.0,05/07/2022,28.7,,4466.63
386,Diana Taylor,,,diana.taylor@outlook.com,sales,Los Angeles,85990.33,"May 13, 2021",9.4,4.0,641.91
387,Tina Moore,47.0,Male,tina.moore@GMAIL.COM,Finance,  Chicago  ,92179.7,03-30-2023,16.0,5.0,40954.07
388,Nancy Harris,41.0,M,nancy.harris@yahoo.com,SALES,Phoenix,78427.9,21/09/2018,8.0,3.0,8293.65
389,Ivan Anderson,44.0,Female,,sales,Phoenix,66718.0,"November 22, 2022",1.1,2.0,33997.95
390,Alice Brown,47.0,female,alice.brown@outlook.com,Sales,Los Angeles,96128.91,"September 18, 2018",20.2,1.0,14947.96
391,Xander White,31.0,Male,xander.white@GMAIL.COM,Finance,Phoenix,59457.18,2024-09-22,9.4,5.0,1245.0
392,Zane Thomas,40.0,Male,zane.thomas@company.org,HR,New York,55228.73,04-08-2019,14.2,2.0,41080.71
393,Zane Harris,33.0,M,,Finance,New York,49526.36,12/08/2018,11.5,,31184.26
394,Laura Harris,32.0,,laura.harris@gmail.com,Marketing,Phoenix,64634.68,08-22-2020,26.7,4.0,16209.97
395,Zane Jackson,59.0,Male,zane.jackson@outlook.com,Marketing,new york,51001.8,16/02/2019,15.2,3.0,112172.62
396,Xander White,45.0,,,SALES,Chicago,65570.05,2019-07-12,18.8,3.0,4451.44
397,Diana Williams,39.0,female,diana.williams@GMAIL.COM,sales,new york,57466.16,07-01-2019,17.8,3.0,622.64
398,George Johnson,40.0,,george.johnson@,Sales,Houston,61139.35,03-23-2020,5.1,4.0,40540.4
399,Tina Brown,21.0,male,tina.brown@GMAIL.COM,Marketing,  Chicago  ,78993.19,02-20-2020,14.8,2.0,11084.87
400,George Taylor,46.0,Female,george.taylor@outlook.com,Sales,Phoenix,46613.52,22/01/2023,20.5,4.0,87881.28
401,Pam Williams,23.0,Female,pam.williams@outlook.com,HR,Los Angeles,41572.9,25/09/2021,10.6,5.0,25838.43
402,Zane Taylor,200.0,M,zane.taylor@company.org,Finance,New York,81180.21,"August 26, 2023",26.3,2.0,46192.57
403,Wendy Moore,37.0,Female,wendy.moore@company.org,Marketing,Phoenix,40505.72,12-16-2020,4.9,,17946.94
404,Yara Williams,32.0,F,,Engineering,New York,1000000.0,"November 01, 2019",29.9,4.0,
405,Laura Thomas,51.0,female,laura.thomas@gmail.com,Engineering,Phoenix,55616.56,09-15-2023,19.9,2.0,25163.3
406,Alice Moore,41.0,Female,alice.moore@gmail.com,Sales,Phoenix,69857.0,06-03-2022,28.5,3.0,13556.42
407,Charlie Wilson,35.0,M,charlie.wilson@gmail.com,Sales,  Chicago  ,73154.0,20/05/2024,1.5,,11786.75
408,Zane Smith,34.0,Male,zane.smith@yahoo.com,sales,LOS ANGELES,31483.6,"October 30, 2019",8.5,,17976.43
409,Julia Wilson,40.0,female,julia.wilson@company.org,sales,new york,59563.39,"May 09, 2022",18.0,1.0,69743.16
410,Zane Davis,26.0,Male,zane.davis@outlook.com,SALES,Chicago,77109.4,2023-11-20,13.1,4.0,7866.48
411,Evan Anderson,25.0,M,evan.anderson@GMAIL.COM,Sales,Los Angeles,57984.48,03-19-2023,17.6,5.0,
412,Xander Anderson,41.0,Male,xander.anderson@company.org,SALES,  Chicago  ,64296.19,12-21-2020,26.1,2.0,5385.07
413,Charlie Thomas,42.0,F,charlie.thomas@gmail.com,Sales,Chicago,33572.64,"July 18, 2022",24.4,5.0,35308.2
414,Victor Thomas,40.0,Female,,Sales,New York,41651.27,20/04/2018,4.4,2.0,19201.98
415,Uma White,33.0,F,uma.white@,Engineering,Chicago,52424.19,"June 10, 2023",,4.0,3669.31
416,George Brown,43.0,Male,george.brown@outlook.com,sales,  Chicago  ,60175.47,03-20-2024,,4.0,37179.85
417,Sam Thomas,58.0,F,sam.thomas@gmail.com,Marketing,new york,70439.83,"September 05, 2022",18.7,,40540.21
418,,50.0,M,wendy.miller@GMAIL.COM,SALES,new york,61114.37,03/04/2023,21.7,4.0,6287.36
419,Victor Anderson,36.0,,victor.anderson@yahoo.com,SALES,Los Angeles,65725.78,28/03/2020,3.0,4.0,55167.62
420,Pam Brown,31.0,M,pam.brown@company.org,Engineering,New York,75989.6,12/04/2019,6.7,3.0,7600.51
421,Zane Davis,37.0,Female,zane.davis@GMAIL.COM,Sales,New York,56168.55,2023-02-16,23.4,5.0,3211.43
422,Diana White,38.0,Male,diana.white@company.org,HR,  Chicago  ,78744.92,11/02/2019,10.0,2.0,12129.85
423,George Wilson,200.0,M,george.wilson@yahoo.com,HR,LOS ANGELES,33486.22,"September 13, 2019",4.1,4.0,21984.1
424,Nancy Harris,67.0,M,nancy.harris@outlook.com,Sales,Los Angeles,81622.74,"November 05, 2019",22.8,,4509.26
425,Evan Harris,27.0,,evan.harris@GMAIL.COM,Marketing,LOS ANGELES,69148.54,05-31-2021,0.2,3.0,11730.76
426,Tina Harris,31.0,male,tina.harris@GMAIL.COM,SALES,new york,62139.76,15/07/2022,2.5,5.0,23593.8
427,Xander Thomas,40.0,M,xander.thomas@GMAIL.COM,Finance,new york,64536.69,04-25-2018,23.2,,19238.7
428,Quinn Johnson,58.0,male,quinn.johnson@gmail.com,Sales,  Chicago  ,68016.49,01-31-2023,24.2,5.0,617.17
429,Uma Anderson,48.0,M,uma.anderson@GMAIL.COM,SALES,LOS ANGELES,67963.49,04/09/2021,10.8,1.0,22571.95
430,Nancy White,42.0,Female,nancy.white@outlook.com,SALES,LOS ANGELES,74580.95,06-06-2022,19.1,4.0,10013.03
431,Pam Thomas,26.0,Female,pam.thomas@outlook.com,SALES,Los Angeles,53425.58,14/05/2018,11.1,1.0,21449.85
432,Nancy Johnson,40.0,Female,nancy.johnson@company.org,HR,Phoenix,64037.92,"August 06, 2019",,3.0,40920.67
433,George Williams,41.0,M,,Sales,LOS ANGELES,70109.0,01-27-2023,14.3,,26822.54
434,Evan Jackson,52.0,female,evan.jackson@company.org,Finance,LOS ANGELES,61337.65,2021-10-20,26.7,,7921.18
435,Charlie White,,female,charlie.white@company.org,Sales,Los Angeles,79461.31,2024-06-20,15.7,4.0,22027.93
436,Alice Johnson,43.0,M,alice.johnson@yahoo.com,sales,  Chicago  ,75517.59,"August 05, 2021",14.7,1.0,31971.31
437,,50.0,Male,fiona.miller@gmail.com,HR,Chicago,61079.0,09-24-2019,20.4,1.0,2561.42
438,,,F,kevin.williams@yahoo.com,HR,Phoenix,62403.92,2019-05-11,22.6,5.0,7848.58
439,Quinn Jackson,38.0,M,quinn.jackson@outlook.com,Sales,LOS ANGELES,45829.66,03-18-2018,17.6,1.0,23779.53
440,Rachel Anderson,21.0,Male,rachel.anderson@GMAIL.COM,Engineering,new york,50129.11,"October 01, 2020",16.7,1.0,
441,Oscar White,16.0,Male,oscar.white@outlook.com,HR,LOS ANGELES,55415.57,05-21-2020,,,5156.5
442,Charlie Brown,24.0,female,charlie.brown@company.org,Engineering,new york,67545.41,"December 06, 2020",19.9,3.0,22065.23
443,Oscar Taylor,30.0,Male,oscar.taylor@gmail.com,SALES,Chicago,54677.74,"June 26, 2023",23.6,,9553.81
444,Rachel Smith,60.0,Male,rachel.smith@outlook.com,HR,LOS ANGELES,65887.13,2018-02-04,28.1,4.0,
445,Xander Smith,49.0,Female,xander.smith@GMAIL.COM,sales,Houston,58186.34,2022-01-26,27.1,,8348.16
446,Alice Jones,37.0,M,alice.jones@outlook.com,Engineering,Chicago,44156.41,24/09/2018,17.1,2.0,17358.22
447,Xander Jackson,150.0,female,xander.jackson@,Marketing,New York,99929.29,07-25-2022,15.5,4.0,28953.46
448,Yara Smith,45.0,F,yara.smith@,Engineering,new york,73921.32,14/04/2018,12.7,1.0,62255.97
449,George Williams,,female,george.williams@outlook.com,Sales,new york,77801.23,24/04/2023,25.0,3.0,368.02
450,Hannah Johnson,45.0,female,hannah.johnson@gmail.com,Sales,New York,69217.87,24/09/2018,24.1,1.0,5580.59
451,Uma Miller,36.0,M,uma.miller@outlook.com,sales,LOS ANGELES,73296.1,2024-12-30,13.9,4.0,2138.81
452,Tina Johnson,21.0,F,tina.johnson@GMAIL.COM,Sales,New York,63524.91,04/03/2020,7.7,4.0,6705.9
453,Tina Wilson,47.0,Female,tina.wilson@outlook.com,SALES,new york,55738.3,20/08/2019,18.1,3.0,15494.14
454,Alice Moore,47.0,male,alice.moore@GMAIL.COM,Marketing,new york,41442.49,2020-04-04,20.0,,25186.23
455,Oscar Taylor,31.0,M,oscar.taylor@outlook.com,Sales,  Chicago  ,41197.82,25/07/2023,19.2,,2599.58
456,Tina Jones,43.0,M,tina.jones@outlook.com,Engineering,New York,50474.83,2018-05-03,13.2,,4004.13
457,Yara Davis,,Female,yara.davis@yahoo.com,SALES,Chicago,92699.4,02/01/2020,,3.0,2260.62
458,Alice White,40.0,Male,alice.white@yahoo.com,Engineering,new york,41105.09,"November 29, 2023",2.0,2.0,65897.26
459,Evan Jackson,42.0,M,evan.jackson@yahoo.com,sales,Houston,85961.22,09-01-2019,18.9,3.0,15980.22
460,Quinn Taylor,37.0,F,quinn.taylor@GMAIL.COM,Finance,LOS ANGELES,66878.37,09-17-2023,13.9,3.0,60484.01
461,Quinn Thomas,33.0,male,quinn.thomas@GMAIL.COM,Engineering,Houston,83092.3,"August 18, 2020",12.8,4.0,43118.93
462,Laura Brown,41.0,F,laura.brown@yahoo.com,Marketing,new york,54470.12,08-03-2022,9.5,4.0,
463,Oscar Jones,31.0,M,oscar.jones@GMAIL.COM,Sales,Phoenix,43960.92,10-20-2018,,2.0,36634.3
464,Victor Davis,55.0,,victor.davis@GMAIL.COM,sales,Phoenix,,05-11-2021,23.5,4.0,46056.33
465,Sam Jackson,25.0,,sam.jackson@outlook.com,SALES,Houston,54606.42,"March 13, 2024",13.8,1.0,30330.39
466,George Miller,46.0,F,george.miller@gmail.com,Finance,Chicago,56593.28,08-10-2023,12.6,,11023.87
467,Yara Jackson,31.0,male,yara.jackson@yahoo.com,HR,LOS ANGELES,69184.91,2022-05-20,5.7,1.0,19555.84
468,Oscar Anderson,60.0,male,oscar.anderson@GMAIL.COM,Engineering,Houston,46432.69,08/03/2021,19.8,1.0,3678.8
469,,44.0,F,laura.moore@gmail.com,Marketing,  Chicago  ,71206.99,25/04/2020,9.3,,4885.81
470,Fiona Taylor,50.0,female,fiona.taylor@company.org,Engineering,  Chicago  ,89350.95,10-08-2020,26.4,4.0,15823.91
471,Bob Thomas,32.0,M,bob.thomas@company.org,sales,Chicago,44452.96,"December 05, 2024",27.3,2.0,18051.52
472,Diana Miller,,,diana.miller@GMAIL.COM,Sales,Houston,69715.75,2024-03-14,2.3,1.0,2933.83
473,Yara Davis,37.0,Male,yara.davis@gmail.com,SALES,  Chicago  ,52944.88,"March 07, 2020",,3.0,11179.31
474,Evan Davis,54.0,Male,evan.davis@yahoo.com,Marketing,Chicago,79645.76,23/10/2019,18.2,2.0,94787.74
475,Rachel Thomas,49.0,female,rachel.thomas@outlook.com,Engineering,New York,73534.75,2022-12-16,24.3,,6408.53
476,Victor Harris,54.0,male,,sales,LOS ANGELES,48488.31,15/03/2022,0.5,1.0,8769.98
477,Kevin White,30.0,Male,kevin.white@yahoo.com,Sales,LOS ANGELES,65511.25,14/08/2021,28.0,4.0,1400.14
478,Diana Jones,30.0,F,diana.jones@gmail.com,Marketing,Houston,55672.73,12-30-2024,,2.0,15531.09
479,Yara Taylor,45.0,,yara.taylor@GMAIL.COM,Sales,new york,69963.2,06-29-2019,22.9,,15226.71
480,Victor Wilson,,male,victor.wilson@GMAIL.COM,Engineering,New York,77502.93,05-24-2019,12.9,2.0,7841.12
481,Bob Williams,50.0,Female,bob.williams@yahoo.com,Finance,  Chicago  ,46855.38,02-13-2021,22.8,5.0,102789.93
482,Nancy Anderson,44.0,female,nancy.anderson@yahoo.com,Sales,Houston,94198.14,"June 30, 2020",5.5,,
483,Pam Johnson,,Female,pam.johnson@yahoo.com,Finance,Houston,61092.52,03-29-2023,5.9,4.0,1240.54
484,Hannah Brown,55.0,M,hannah.brown@outlook.com,HR,LOS ANGELES,73374.9,"September 28, 2022",24.6,4.0,
485,Mike Miller,38.0,male,mike.miller@GMAIL.COM,HR,LOS ANGELES,73081.34,"March 17, 2022",4.1,4.0,4486.23
486,,28.0,F,george.smith@outlook.com,SALES,new york,51275.61,2024-08-06,1.2,1.0,11970.23
487,Sam Williams,38.0,,sam.williams@GMAIL.COM,SALES,new york,53967.05,03/10/2022,1.0,3.0,21867.23
488,Victor Smith,50.0,F,victor.smith@yahoo.com,Finance,Chicago,,"January 14, 2019",17.6,1.0,31738.85
489,George Harris,27.0,M,george.harris@GMAIL.COM,Marketing,Phoenix,60253.87,2018-12-31,23.3,3.0,97813.1
490,Ivan Thomas,38.0,Male,ivan.thomas@,Sales,LOS ANGELES,76701.17,01/11/2022,5.6,2.0,36907.42
491,Fiona Moore,61.0,Female,fiona.moore@yahoo.com,Engineering,Phoenix,70899.77,2022-12-11,5.0,3.0,1866.98
492,Diana Brown,,Female,diana.brown@,HR,New York,57087.96,2018-06-21,23.8,4.0,34981.77
493,Yara Brown,41.0,F,yara.brown@company.org,sales,Houston,75621.63,2022-03-31,26.2,1.0,
494,Wendy Miller,47.0,male,wendy.miller@GMAIL.COM,SALES,Houston,53210.16,"May 01, 2023",0.1,,1834.47
495,Kevin Smith,24.0,female,kevin.smith@outlook.com,Marketing,LOS ANGELES,66307.8,"November 27, 2021",28.2,4.0,7291.96
496,Wendy Harris,45.0,female,wendy.harris@GMAIL.COM,sales,New York,48449.5,"May 19, 2021",13.4,1.0,18355.55
497,Rachel Jones,16.0,female,rachel.jones@outlook.com,Sales,Chicago,77544.86,04-20-2022,7.7,4.0,13741.85
498,Victor Johnson,38.0,F,victor.johnson@company.org,Finance,Los Angeles,66227.44,"April 13, 2022",6.7,1.0,9580.83
499,Diana Johnson,37.0,Male,diana.johnson@yahoo.com,Marketing,New York,73526.62,"February 17, 2020",9.6,3.0,7267.64
500,Zane Williams,43.0,F,,sales,  Chicago  ,62375.6,30/04/2021,13.7,5.0,3811.7
362,Rachel Johnson,25.0,F,rachel.johnson@,SALES,Houston,89902.05,12/02/2021,,5.0,6410.03
74,Sam Miller,36.0,Male,sam.miller@company.org,Finance,  Chicago  ,76105.11,"December 27, 2018",7.3,5.0,68016.84
375,Quinn Jones,37.0,F,quinn.jones@yahoo.com,HR,Phoenix,1000000.0,2023-07-16,13.7,,18326.84
156,Evan Taylor,38.0,,,Sales,  Chicago  ,,"October 10, 2019",29.8,4.0,29305.66
105,Bob Smith,36.0,male,bob.smith@GMAIL.COM,Engineering,new york,58015.03,05-29-2022,15.2,5.0,19662.5
395,Zane Jackson,59.0,Male,zane.jackson@outlook.com,Marketing,new york,51001.8,16/02/2019,15.2,3.0,112172.62
378,Wendy Jackson,37.0,female,wendy.jackson@company.org,Finance,LOS ANGELES,56434.93,"August 27, 2019",7.5,4.0,2217.07
125,Oscar Harris,27.0,male,oscar.harris@yahoo.com,HR,Los Angeles,46787.17,14/01/2019,11.3,5.0,22326.47
69,Quinn Jones,43.0,M,quinn.jones@company.org,HR,Houston,61030.15,2024-12-21,19.7,,4344.3
451,Uma Miller,36.0,M,uma.miller@outlook.com,sales,LOS ANGELES,73296.1,2024-12-30,13.9,4.0,2138.81
10,Rachel Jackson,39.0,female,rachel.jackson@outlook.com,Marketing,Los Angeles,55996.19,28/03/2018,0.2,,2055.55
195,George Harris,38.0,F,,HR,Houston,66910.48,"August 31, 2023",3.7,1.0,5415.89
407,Charlie Wilson,35.0,M,charlie.wilson@gmail.com,Sales,  Chicago  ,73154.0,20/05/2024,1.5,,11786.75
85,Alice Miller,34.0,Male,alice.miller@gmail.com,Sales,new york,76384.54,"March 21, 2021",4.2,,9418.74
372,Yara Jackson,,F,yara.jackson@gmail.com,Sales,New York,53887.51,2018-06-27,0.3,1.0,17444.11
389,Ivan Anderson,44.0,Female,,sales,Phoenix,66718.0,"November 22, 2022",1.1,2.0,33997.95
496,Wendy Harris,45.0,female,wendy.harris@GMAIL.COM,sales,New York,48449.5,"May 19, 2021",13.4,1.0,18355.55
31,Xander Moore,52.0,M,xander.moore@gmail.com,SALES,LOS ANGELES,57225.95,2019-06-07,17.8,,
317,Wendy Wilson,35.0,female,wendy.wilson@GMAIL.COM,sales,  Chicago  ,49908.26,2023-04-03,20.5,,5321.22
409,Julia Wilson,40.0,female,julia.wilson@company.org,sales,new york,59563.39,"May 09, 2022",18.0,1.0,69743.16
